SDG Keywords,SDG
Child Labor Laws,SDG1
Child Labour,SDG1
Child Support Grant,SDG1
Child Welfare,SDG1
Conditional Cash Transfer,SDG1
Conditional Cash Transfer Program,SDG1
Development Aid,SDG1
Development Assistance Committee,SDG1
Disaster Risk Reduction,SDG1
Eradicate Extreme Poverty,SDG1
Extreme Poverty,SDG1
Low Income,SDG1
Low Income Countries,SDG1
Low Income Population,SDG1
Low Socioeconomic Status,SDG1
Micro Finance Institutions,SDG1
Microfinance,SDG1
Official Development Assistance,SDG1
Poor Countries,SDG1
Poverty Alleviation,SDG1
Poverty Alleviation Program,SDG1
Poverty Eradication,SDG1
Poverty Levels,SDG1
Poverty Line,SDG1
Poverty Reduction Strategy Paper,SDG1
Small Island Developing States,SDG1
Social Assistance,SDG1
Social Protection,SDG1
Social Protection Floor,SDG1
Social Protection Spending,SDG1
Social Protection System,SDG1
Social Safety Net,SDG1
Social Security,SDG1
Social Support,SDG1
Social Welfare,SDG1
Targeted Poverty Alleviation,SDG1
Child Labor Regulations,SDG1
Disaster Risk Reduction Strategies,SDG1
Distributional Effect,SDG1
Economic Resource Access,SDG1
End Poverty,SDG1
Financial Aid NorthSouth Divide,SDG1
Financial Aid Poor,SDG1
Financial Aid Poverty,SDG1
Financial Development Poverty,SDG1
Financial Empowerment,SDG1
Food Bank,SDG1
Global Poverty,SDG1
Income Poverty,SDG1
International Poverty Line,SDG1
Microfinanc,SDG1
Poverty Reduction,SDG1
Resilience Poor,SDG1
Safety Net Poor Vulnerable,SDG1
Sendai Framework Disaster Risk Reduction,SDG1
Social Protection Access,SDG1
Social Protection Systems,SDG1
Urban Poverty,SDG1
Agricultural Development,SDG2
Agricultural Land,SDG2
Agricultural Management,SDG2
Agricultural Practices,SDG2
Agricultural Production,SDG2
Agricultural Production System,SDG2
Agricultural Productivity,SDG2
Agricultural Soils,SDG2
Agricultural Systems,SDG2
AgriFood Supply Chain,SDG2
Arable Land,SDG2
Common Agricultural Policy,SDG2
Conservation Agriculture,SDG2
Crop,SDG2
Crops,SDG2
Crop Growth,SDG2
Crop Management,SDG2
Crop Productivity,SDG2
Crop Yield,SDG2
Cropping Systems,SDG2
Dietary Diversity,SDG2
European Food Safety Authority,SDG2
Farming System,SDG2
Farming Systems,SDG2
Farmyard Manure,SDG2
Fertilizer,SDG2
Fertilizer Application Rates,SDG2
Food Availability,SDG2
Food Insecurity,SDG2
Food Prices,SDG2
Food Production,SDG2
Food Production Systems,SDG2
Food Security,SDG2
Food Security Policy,SDG2
Food Security Status,SDG2
Food Security Survey Module,SDG2
Food Supply,SDG2
Food Supply Chain,SDG2
Food Supply Chain Management,SDG2
Food System,SDG2
Genetically Modified Food,SDG2
Global Food Security,SDG2
Global Food Supply,SDG2
Global Food System,SDG2
Good Agricultural Practices,SDG2
Grain Yield,SDG2
Household Dietary Diversity Score,SDG2
Household Food Insecurity,SDG2
Household Food Insecurity Access Scale,SDG2
Household Food Security,SDG2
Household Food Security Status,SDG2
Hunger,SDG2
Integrated Soil Fertility Management,SDG2
Irrigation,SDG2
Land Management,SDG2
Land Reform,SDG2
Land Rights,SDG2
Land Tenure,SDG2
Local Food Production,SDG2
Low Food Security,SDG2
Malnutrition,SDG2
Malnutrition Universal Screening Tool,SDG2
Manure,SDG2
Mini Nutritional Assessment,SDG2
Nutritional Risk Screening,SDG2
Nutritional Status,SDG2
Obesity,SDG2
Severe Acute Malnutrition,SDG2
Smallholder,SDG2
Smallholder Farmers,SDG2
Smallholder Farming,SDG2
Smallholder Farming Systems,SDG2
Smallholder Farms,SDG2
Soil Fertility,SDG2
Soil Fertility Management,SDG2
Supplemental Nutrition Assistance Program,SDG2
Sustainable Agriculture,SDG2
Sustainable Land Management,SDG2
Urban Food Security,SDG2
Acute Severe Maternal Undernutrition,SDG2
Agricultural Export Subsidies,SDG2
Agricultural Innovation,SDG2
Agricultural Markets,SDG2
Agriculture Potassium,SDG2
Agroforestry Management,SDG2
Agroforestry Practices,SDG2
Doha Development Round,SDG2
Early Life Nutrition,SDG2
End Hunger,SDG2
Fertilier,SDG2
Fertiliser Application Rates,SDG2
Fertilizers,SDG2
Food Commodity Market,SDG2
Food Commodity Markets,SDG2
Food Gap,SDG2
Food Governance,SDG2
Food Insecurity Experience Scale,SDG2
Food Market Access,SDG2
Food Market Development Governance,SDG2
Food Market North South Divide,SDG2
Food Market Restriction,SDG2
Food Market Tariff,SDG2
Food Nutrition Improvement,SDG2
Food Price Anomalies,SDG2
Food Price Volatility,SDG2
Food Productivity,SDG2
Food Reserves,SDG2
Food Security Genetic Diversity,SDG2
Food Value Chain,SDG2
Genetic Diversity Cultivated Plants,SDG2
Genetic Diversity Domesticated Animals,SDG2
Genetic Diversity Farmed Animals,SDG2
Genetic Diversity Seeds,SDG2
GMO Food,SDG2
Hidden Hunger,SDG2
High Nutrition Risk,SDG2
Indicator Food Price Anomalies,SDG2
Land Right,SDG2
Livestock Gene Bank,SDG2
Local Breeds Extinction,SDG2
Malnutrition Risk,SDG2
Maternal Nutrition,SDG2
Maternal Periconceptional Undernutrition,SDG2
Maternal Undernutrition,SDG2
Nutrition Risk,SDG2
Periconceptional Undernutrition Alters Fetal Growth,SDG2
Plant Gene Bank,SDG2
Plant Bank,SDG2
Prenatal Nutrition,SDG2
Prepregnancy Nutritional Status,SDG2
Productive Agriculture,SDG2
Resilient Agricultural Practices,SDG2
Resilient Agriculture,SDG2
SmallScale Food Producers,SDG2
Sustainable Food Production,SDG2
Total Official Flows Agriculture,SDG2
Adolescent Birth Rate,SDG3
AIDS,SDG3
Alcohol Use,SDG3
Alcoholism,SDG3
Battered Child Syndrome,SDG3
Cancer,SDG3
Cardiovascular Disease,SDG3
Chagas,SDG3
Child Abuse,SDG3
Child Mortality,SDG3
Child Neglect,SDG3
Child WellBeing Index,SDG3
Childbirth Complications,SDG3
Cholera,SDG3
Chronic Respiratory Disease,SDG3
Communicable Disease,SDG3
Contamination Death Illness,SDG3
Dengue,SDG3
Diabet,SDG3
Diarrhea,SDG3
Dysentery,SDG3
Ebola,SDG3
Health Policy,SDG3
Health Risk,SDG3
Health System Access,SDG3
Health System Access Accessible,SDG3
Healthy Lifestyle,SDG3
Hepatitis,SDG3
HIV,SDG3
Human Disease,SDG3
Human Health,SDG3
Human Illness,SDG3
Human Medicine,SDG3
Human Mortality,SDG3
Inclusive Health,SDG3
Indigenous Health,SDG3
Infant Mortality,SDG3
Infectious Disease,SDG3
Life Expectancy,SDG3
Malaria,SDG3
Maternal Health,SDG3
Maternal Mortality,SDG3
Measles,SDG3
Mental Disorder,SDG3
Mental Health,SDG3
Neglected Disease,SDG3
Neonatal Mortality,SDG3
Polio,SDG3
Polio,SDG3
Postnatal Depression,SDG3
Premature Mortality,SDG3
Preventable Death,SDG3
Preventable Deaths,SDG3
Psychological Harm,SDG3
Psychological Wellbeing,SDG3
Public Health,SDG3
Quality Adjusted Life Year,SDG3
Schistosomiasis,SDG3
Sexual Health,SDG3
Sexually Transmitted Disease,SDG3
Sleeping Sickness,SDG3
Social Determinants Health,SDG3
Substance Abuse,SDG3
Substance Addiction,SDG3
Suicide,SDG3
Tobacco Addiction,SDG3
Tobacco Control,SDG3
Tobacco Use,SDG3
Traffic Accident,SDG3
Tropical Disease,SDG3
Tuberculosis,SDG3
Typhoid Fever,SDG3
Vaccin,SDG3
WaterBorne Disease,SDG3
Youth WellBeing Index,SDG3
Zika Virus,SDG3
Acute Coronary Syndrome,SDG3
Acute Respiratory Distress Syndrome,SDG3
Acute Rheumatic Fever,SDG3
Affordable Medicines,SDG3
Alcohol Abuse,SDG3
Alcohol Consumption,SDG3
Alcohol Use Disorder,SDG3
AlzheimerS Disease,SDG3
Anemia,SDG3
Antenatal Care,SDG3
Antineoplastic Agent,SDG3
Antiretroviral Therapy,SDG3
Blood Pressure,SDG3
Body Mass Index,SDG3
Brain Injury,SDG3
Breast Cancer,SDG3
Breast Neoplasms,SDG3
Cancer Cell,SDG3
Cardiovascular Risk,SDG3
Cardiovascular Risk Factors,SDG3
Cause Death,SDG3
Child Deaths,SDG3
Child Health,SDG3
Chronic Disease,SDG3
Chronic Obstructive Pulmonary Disease,SDG3
Congenital Heart Disease,SDG3
Contraception,SDG3
Contraceptive Use,SDG3
Coronary Artery Disease,SDG3
COVID19,SDG3
Depression,SDG3
Diabetes,SDG3
Diet,SDG3
Disease Burden,SDG3
Disease Transmission,SDG3
District Health Boards,SDG3
Drug Safety,SDG3
Drug Users,SDG3
Emerging Infectious Disease,SDG3
Epidemic,SDG3
Epidemiology,SDG3
Essential HealthCare Services Access,SDG3
Essential Medicines Access,SDG3
Essential Vaccines Access,SDG3
Family Planning,SDG3
Fetal Growth Restriction,SDG3
Gestational Age,SDG3
Gestational Diabetes,SDG3
H1N1,SDG3
Health Care,SDG3
Health Care Delivery,SDG3
Health Care Quality,SDG3
Health Emergency Preparedness,SDG3
Health Outcomes,SDG3
Health Service,SDG3
Health Services,SDG3
Health System,SDG3
Health Worker,SDG3
Health Worker Density,SDG3
Heart Disease,SDG3
Heart Failure,SDG3
HIV Infection,SDG3
Huntingtons Disease,SDG3
Hypertension,SDG3
Immunology,SDG3
Inflammatory Bowel Disease,SDG3
Intensive Care Unit,SDG3
International Health Policy,SDG3
International Health Regulations,SDG3
Live Birth Rate,SDG3
Low Birth Weight,SDG3
Lung Cancer,SDG3
Lung Disease,SDG3
Major Depressive Disorder,SDG3
Maternal Mortality Rate,SDG3
Medical Care,SDG3
Medicine,SDG3
Mental Disease,SDG3
Mental Health Care,SDG3
Mental Health Service,SDG3
MERS,SDG3
Myocardial Infarction,SDG3
Narcotic Drug Abuse,SDG3
Neglected Tropical Disease,SDG3
Neonatal Intensive Care,SDG3
Neonatal Mortality Rate,SDG3
Neoplasm,SDG3
Nonalcoholic Fatty Liver Disease,SDG3
NonCommunicable Disease,SDG3
NonSmall Cell Lung Cancer,SDG3
Official Development Assistance Medical Basic Health,SDG3
Pandemic,SDG3
ParkinsonS Disease,SDG3
Patient Satisfaction,SDG3
Pneumonia,SDG3
Pollution Death Illness,SDG3
PostTraumatic Stress Disorder,SDG3
Pregnancy,SDG3
Pregnant Women,SDG3
Primary Care,SDG3
Reproductive Health,SDG3
Reproductive Health Care,SDG3
Respiratory Distress Syndrome,SDG3
Respiratory Tract Infection,SDG3
Rheumatic Heart Disease,SDG3
SARS,SDG3
Severity Illness Index,SDG3
Sexual Reproductive HealthCare,SDG3
Sexual Risk Behavior,SDG3
Sexually Transmitted Infection,SDG3
Smoking Cessation,SDG3
Substance Use Disorders,SDG3
Sudden Infant Death Syndrome,SDG3
Suicide Mortality Rate,SDG3
Trips Agreement Public Health,SDG3
Traffic Accident Death Injur,SDG3
Traumatic Brain Injury,SDG3
Tumor,SDG3
Tumor Necrosis Factor,SDG3
Under5 Mortality,SDG3
Universal Health,SDG3
Universal Health Coverage,SDG3
Vaccination,SDG3
Vaccine,SDG3
Vaccine Preventable Diseases,SDG3
Water Sanitation Hygiene,SDG3
World Health Organization,SDG3
World Obesity Federation,SDG3
Academic Achievement,SDG4
Adult Basic Education,SDG4
Basic Education,SDG4
Basic Education Development Index,SDG4
Compulsory Secondary Education,SDG4
Dynamic Indicators Basic Early Literacy Skills,SDG4
Early Childhood Development,SDG4
Early Childhood Education,SDG4
Early Childhood Education Policy,SDG4
Early Childhood Special Education,SDG4
Early Years Learning Framework,SDG4
Education Institutions,SDG4
Education Policy,SDG4
Education Reform,SDG4
Education Research,SDG4
Educational Attainment,SDG4
Educational Inequality,SDG4
Educational Status,SDG4
Elementary School,SDG4
European Higher Education Area,SDG4
Formal Education,SDG4
Global Citizenship Education,SDG4
Global Education Reform Movement,SDG4
High School,SDG4
High School Education,SDG4
High School Graduation Rates,SDG4
Higher Education,SDG4
Higher Education Institutions,SDG4
Higher Education Policy,SDG4
Higher Education Reform,SDG4
Inclusive Education,SDG4
Individualized Education Program,SDG4
Individuals Disabilities Education Improvement Act,SDG4
Initial Teacher Education,SDG4
Inservice Teacher Training,SDG4
Learning Environment,SDG4
Learning Opportunities,SDG4
Learning Outcomes,SDG4
Lifelong Learning,SDG4
Literacy,SDG4
Literacy Skills,SDG4
Lower Secondary Education,SDG4
Massive Open Online Courses,SDG4
National Assessment Program – Literacy Numeracy,SDG4
Open Educational Resources,SDG4
Open Educational Resources,SDG4
Pedagogical Content Knowledge,SDG4
PreService Teacher Education,SDG4
Primary Education,SDG4
Primary School,SDG4
Professional Development,SDG4
Programme International Student Assessment,SDG4
Public Education,SDG4
Public Schools,SDG4
School Attendance,SDG4
School Enrollment,SDG4
Science Technology Engineering Mathematics,SDG4
Secondary Education,SDG4
Secondary School,SDG4
Special Education,SDG4
Teacher Education,SDG4
Teacher Training,SDG4
Tertiary Education,SDG4
Dundee Ready Educational Environment Measure,SDG4
Universal Primary Education,SDG4
Upper Secondary Education,SDG4
Upper Secondary School,SDG4
Vocational Education,SDG4
Vocational Training,SDG4
Access Technical Education,SDG4
Access Tertiary Education,SDG4
Access Vocational Education,SDG4
Adult Literacy,SDG4
Affordable Education,SDG4
Childhood Curriculum,SDG4
Completion Rate Primary Education Secondary Education,SDG4
Culturally Diverse Students,SDG4
Curriculum Reform,SDG4
Developing Countries School Effects,SDG4
Development Aid Teacher Training,SDG4
Discriminatory,SDG4
Early Childhood Care,SDG4
Early Childhood Curriculum,SDG4
Early Childhood Pedagogy,SDG4
Education Dropouts,SDG4
Education Exclusion,SDG4
Education Expenditure,SDG4
Education Facilities,SDG4
Education Indicators,SDG4
Education Quality,SDG4
Educational Access,SDG4
Educational Enrolment,SDG4
Educational Environment,SDG4
Educational Financial Aid,SDG4
Educational Gap,SDG4
Educational Governance,SDG4
Educational Outcomes,SDG4
Educational Reform Developing Countries,SDG4
Environmental Education,SDG4
Equal Access Education,SDG4
Equal Education,SDG4
Equal Opportunities,SDG4
Foreign Aid,SDG4
Gender Disparity Education,SDG4
Global Citizenship,SDG4
Inclusive Education System,SDG4
Information Communications Technology Skills,SDG4
International Education,SDG4
Learning Opportunities Gender Disparities Empowerment,SDG4
Lifelong Learning Opportunities,SDG4
Māori Pacific Admission Scheme,SDG4
National Education Policies,SDG4
NonFormal Education,SDG4
Numeracy,SDG4
Numeracy Rate,SDG4
Official Development Assistance Scholarship Education,SDG4
Organized Learning,SDG4
Pasifika Early Childhood Education,SDG4
Poverty Trap Schooling,SDG4
PrePrimary Education,SDG4
PreService Early Childhood Education,SDG4
Professional Learning,SDG4
Safe NonViolent Inclusive Effective Learning Environment,SDG4
Safety School,SDG4
Scholarships,SDG4
School Curriculum,SDG4
School Enrolment,SDG4
School Safety,SDG4
Schooling Ethnic Disparities,SDG4
Schooling Gender Disparities,SDG4
Schooling Racial Disparities,SDG4
Special Education Needs,SDG4
Special Education Policy,SDG4
Student Assessment,SDG4
Sustainable Development Education,SDG4
Te Whāriki,SDG4
Teacher Attrition,SDG4
Teacher Training Developing Countries,SDG4
Technology Education,SDG4
Tertiary Institutions,SDG4
Universal Education,SDG4
Women Empowerment,SDG4
Youth Empowerment,SDG4
Adolescent Sexual Reproductive Health,SDG5
Battered Women,SDG5
Child Sexual Abuse,SDG5
Child Sexual Exploitation,SDG5
Commercial Sexual Exploitation,SDG5
Commercial Sexual Exploitation Children,SDG5
Domestic Minor Sex Trafficking,SDG5
Domestic Violence,SDG5
Domestic Violence Abuse,SDG5
Family Violence,SDG5
Female Genital Mutilation,SDG5
Female Labour Force,SDG5
Female Labour Force Participation,SDG5
Female Sex Workers,SDG5
Feminism,SDG5
Gender Discrimination,SDG5
Gender Disparities,SDG5
Gender Equality,SDG5
Gender Equity,SDG5
Gender Gap,SDG5
Gender Inequality,SDG5
Gender Wage Gap,SDG5
GenderBased Violence,SDG5
International Human Rights Law,SDG5
Intimate Partner Violence,SDG5
Intimate Partner Violence Women,SDG5
Lesbian Gay Bisexual Transgender,SDG5
Physical Psychological Sexual Violence,SDG5
Psychological Physical Sexual Emotional Violence,SDG5
Reproductive Rights,SDG5
Sex Offenses,SDG5
Sexism,SDG5
Sexual Abuse,SDG5
Sexual Reproductive Health,SDG5
Sexual Reproductive Health Rights,SDG5
Sexual Reproductive Health Care,SDG5
Sexual Assault,SDG5
Sexual Crime,SDG5
Sexual Education,SDG5
Sexual GenderBased Violence,SDG5
Sexual Violence,SDG5
Spouse Abuse,SDG5
Violence Women Act,SDG5
Womens Empowerment,SDG5
Womens Rights,SDG5
Access Family Planning Services,SDG5
Access Reproductive Healthcare,SDG5
Agrarian Feminism,SDG5
Antiwomen,SDG5
Benevolent Sexism,SDG5
Child Marriage,SDG5
Contraceptive Behaviour,SDG5
Discrimination Women Girls,SDG5
Early Marriage,SDG5
Employment Equity,SDG5
Empower Girls,SDG5
Empower Women,SDG5
Empowerment Women,SDG5
Equality Divorce Rights,SDG5
Equality Reproductive Rights,SDG5
Equality Sexual Rights,SDG5
Female Entrepreneurship,SDG5
Female Exploitation,SDG5
Female Infanticide,SDG5
Female Leader,SDG5
Female Managers,SDG5
Female Ownership,SDG5
Female Political Participation,SDG5
Female Politician,SDG5
Female Smallholder,SDG5
Feminist Critiques,SDG5
Forced Marriage,SDG5
Forced Marriages,SDG5
Forced Prostitution,SDG5
Foreign Aid Womens Empowerment,SDG5
Gender Injustice,SDG5
Gender Mainstreaming,SDG5
Gender Parity,SDG5
Gender Participation,SDG5
Gender Quota,SDG5
Gender Segregation,SDG5
GenderResponsive Budgeting,SDG5
Honour Killing,SDG5
Hostile Sexism,SDG5
Household Equity,SDG5
Human Trafficking,SDG5
Information Communications Technology Women Female,SDG5
IntraHousehold Allocation,SDG5
Managerial Positions Women Female,SDG5
Misogyny,SDG5
Occupational Segregation,SDG5
Physical Sexual Abuse,SDG5
Physical Sexual Violence,SDG5
Physical Violence Women Girls,SDG5
Psychological Violence Women Girls,SDG5
Sexual Reproductive Health Rights,SDG5
Sexual Reproductive Primary Care,SDG5
Sexual Exploitation,SDG5
Sexual Exploitation Abuse,SDG5
Unpaid Care Work Gender Inequality,SDG5
Unpaid Work Gender Inequality,SDG5
Violence Women,SDG5
Violence Women Girls,SDG5
Women Violence,SDG5
Women Leadership,SDG5
Women Labour Force Participation,SDG5
Womens Autonomy,SDG5
Womens Economic Development,SDG5
Womens Employment,SDG5
Womens Livelihood,SDG5
Womens Ownership,SDG5
Womens Power,SDG5
Womens Sexual Reproductive Health,SDG5
Womens Underrepresentation,SDG5
Womens Unemployment,SDG5
Access Safe Drinking Water,SDG6
Activated Sludge,SDG6
Activated Sludge Process,SDG6
Advanced Wastewater Treatment,SDG6
Aquatic Ecosystems,SDG6
Aquatic Environment,SDG6
Aquifer,SDG6
Chemical Oxygen Demand,SDG6
Clean Drinking Water,SDG6
Clean Water,SDG6
Desalination,SDG6
Domestic Wastewater Treatment,SDG6
Drinking Water,SDG6
Drinking Water Distribution,SDG6
Drinking Water Distribution Systems,SDG6
Drinking Water Quality,SDG6
Drinking Water Sources,SDG6
Drinking Water Supply,SDG6
Drinking Water Treatment,SDG6
Drinking Water Treatment Plants,SDG6
Fresh Water,SDG6
Freshwater Resources,SDG6
Groundwater Pollution,SDG6
Groundwater Quality,SDG6
Groundwater Resources,SDG6
Integrated Water Resources Management,SDG6
Irrigation Water,SDG6
Membrane Bioreactor,SDG6
Moving Bed Biofilm Reactor,SDG6
Potable Water,SDG6
Quality Drinking Water,SDG6
Quality Water,SDG6
Recycled Water,SDG6
Reverse Osmosis,SDG6
Safe Drinking Water,SDG6
Sewage Treatment,SDG6
Sewage Treatment Plant,SDG6
Sewage Treatment Plants,SDG6
Soil Water Assessment Tool,SDG6
Sustainable Water Management,SDG6
Tap Water,SDG6
Total Suspended Solids,SDG6
Treated Water,SDG6
Urban Wastewater,SDG6
Urban Wastewater Treatment,SDG6
Urban Wastewater Treatment Plants,SDG6
Waste Water,SDG6
Waste Water Management,SDG6
Waste Water Treatment,SDG6
Wastewater,SDG6
Wastewater Effluent,SDG6
Wastewater Reclamation,SDG6
Wastewater Reuse,SDG6
Wastewater Treatment,SDG6
Wastewater Treatment Facility,SDG6
Wastewater Treatment Plant,SDG6
Wastewater Treatment Process,SDG6
Wastewater Treatment System,SDG6
Wastewater Treatment Technology,SDG6
Water Analysis,SDG6
Water Availability,SDG6
Water Bodies,SDG6
Water Conservation,SDG6
Water Contamination,SDG6
Water Demand,SDG6
Water Desalination,SDG6
Water Distribution System,SDG6
Water Efficiency,SDG6
Water Environment,SDG6
Water Filtration,SDG6
Water Footprint,SDG6
Water Management,SDG6
Water Pollutant,SDG6
Water Pollution,SDG6
Water Purification,SDG6
Water Quality,SDG6
Water Quality Index,SDG6
Water Quality Parameters,SDG6
Water Quality Standards,SDG6
Water Recycling,SDG6
Water Resource,SDG6
Water Resource Management,SDG6
Water Reuse,SDG6
Water Scarcity,SDG6
Water Source,SDG6
Water Stress,SDG6
Water Supply,SDG6
Water Supply System,SDG6
Water Treatment,SDG6
Water Treatment Plants,SDG6
Water Treatment Processes,SDG6
Water Use,SDG6
Affordable Drinking Water,SDG6
Black Water,SDG6
Blue Water,SDG6
Clean Drinking Water,SDG6
Clean Water Source,SDG6
Dairy Farm Wastewater,SDG6
Domestic Wastewater,SDG6
Drinking Water Services,SDG6
Equitable Sanitation,SDG6
Freshwater Groundwater,SDG6
Freshwater Sanit,SDG6
Freshwater Sewer,SDG6
Freshwater Waste Water “Treatment”,SDG6
Freshwater Water Conservation,SDG6
Freshwater Water Footprint,SDG6
Freshwater Water Infrastructure,SDG6
Freshwater Water Pollution,SDG6
Freshwater Water Purification,SDG6
Freshwater Water Quality Pollutant,SDG6
Freshwater Water Security “Treatment”,SDG6
Freshwater Water Shortage “Treatment”,SDG6
Freshwater Water Use,SDG6
Freshwater Availability,SDG6
Freshwater Ecosystems,SDG6
Green Water,SDG6
Grey Water,SDG6
HandWashing Facility,SDG6
Inadequate Water Supply,SDG6
Industrial Wastewater,SDG6
Industrial Wastewater Treatment,SDG6
Lake Water Quality,SDG6
Official Development Assistance Water Sanitation,SDG6
Open Defecation,SDG6
Pit Lake Water Quality,SDG6
Protect Aquifer,SDG6
Protect Water Ecosystem,SDG6
Protect Wetland,SDG6
Restor Aquifer,SDG6
Restor Water Ecosystem,SDG6
Restor Wetland,SDG6
River Bank Filtration,SDG6
Safe Drinking Water,SDG6
Safe Water Access,SDG6
Sanitation Services,SDG6
Sustainable Supply Freshwater,SDG6
Sustainable Withdrawals Freshwater,SDG6
Transboundary Cooperation,SDG6
Ultrafiltration,SDG6
Untreated Wastewater,SDG6
Wastewater Treatment Systems,SDG6
Water Ecosystem Endocrine Disruptor Marine,SDG6
Water Ecosystem Protection Marine,SDG6
Water Quality Antifouling Membrane,SDG6
Water Quality Aquatic Ecotoxicology,SDG6
Water Quality Aquatic Toxicology,SDG6
Water Quality Clean Water,SDG6
Water Quality Hygienic Toilet,SDG6
Water Quality Water Management,SDG6
Water Quality Water Supply,SDG6
Water Quality WaterUse Efficiency,SDG6
Water Resource Antifouling Membrane,SDG6
Water Resource Aquatic Ecotoxicology,SDG6
Water Resource Aquatic Toxicology,SDG6
Water Resource Clean Water,SDG6
Water Resource Hygienic Toilet,SDG6
Water Resource Water Management,SDG6
Water Resource Water Supply,SDG6
Water Resource WaterUse Efficiency,SDG6
Water Sanitation Hygiene Antifouling Membrane,SDG6
Water Sanitation Hygiene Aquatic Ecotoxicology,SDG6
Water Sanitation Hygiene Aquatic Toxicology,SDG6
Water Sanitation Hygiene Clean Water,SDG6
Water Sanitation Hygiene Hygienic Toilet,SDG6
Water Sanitation Hygiene Water Management,SDG6
Water Sanitation Hygiene Water Supply,SDG6
Water Sanitation Hygiene WaterUse Efficiency,SDG6
Water Sanitation Hygiene Antifouling Membrane,SDG6
Water Sanitation Hygiene Aquatic Ecotoxicology,SDG6
Water Sanitation Hygiene Aquatic Toxicology,SDG6
Water Sanitation Hygiene Clean Water,SDG6
Water Sanitation Hygiene Hygienic Toilet,SDG6
Water Sanitation Hygiene Water Management,SDG6
Water Sanitation Hygiene Water Supply,SDG6
Water Sanitation Hygiene WaterUse Efficiency,SDG6
Water Sanitation Management,SDG6
Water Water Management Pollutant Removal,SDG6
Water Water Management Pollution Remediation,SDG6
Water Cooperation,SDG6
Water Ecosystems,SDG6
Water Harvesting,SDG6
Water Pollution Waste Water “Treatment”,SDG6
Water Resources Management,SDG6
Water Sources,SDG6
Water Supplies,SDG6
Water Supply Resilience,SDG6
Water Supply Systems,SDG6
WaterRelated Ecosystems,SDG6
WaterUse Efficiency,SDG6
Alternative Energy Sources,SDG7
Battery Electric Vehicles,SDG7
Battery Energy Storage System,SDG7
Biofuel,SDG7
Blade Element Momentum Theory,SDG7
Bulk Heterojunction Solar Cells,SDG7
Clean Energy,SDG7
Compressed Air Energy Storage,SDG7
Concentrated Solar Power,SDG7
DyeSensitized Solar Cells,SDG7
Energy Conversion System,SDG7
Energy Efficiency,SDG7
Energy Management System,SDG7
Energy Storage System,SDG7
Energy Storage System,SDG7
Fuel Cell,SDG7
Home Energy Management System,SDG7
Horizontal Axis Wind Turbine,SDG7
Hybrid Electric Vehicles,SDG7
Hybrid Energy Storage System,SDG7
Hybrid Energy System,SDG7
Hybrid Power Generation System,SDG7
Hybrid Renewable Energy System,SDG7
Hydroelectric Power,SDG7
Intermittent Renewable Energy,SDG7
Intermittent Renewable Energy Sources,SDG7
Large Scale Wind Power,SDG7
LargeScale Wind Power Integration,SDG7
Lithium Ion Battery,SDG7
Maximum Power Point Tracking,SDG7
National Renewable Energy Laboratory,SDG7
Offshore Wind Energy,SDG7
Offshore Wind Farm,SDG7
Offshore Wind Turbines,SDG7
Organic Solar Cells,SDG7
Permanent Magnet Synchronous Generator,SDG7
Perovskite Solar Cells,SDG7
Photocatalytic Water Splitting,SDG7
Photoelectrochemical Pec Water Splitting,SDG7
Photoelectrochemical Water Splitting,SDG7
Photovoltaic,SDG7
Photovoltaic Cells,SDG7
Photovoltaic System,SDG7
Plugin Electric Vehicles,SDG7
Plugin Hybrid Electric Vehicle,SDG7
Polymer Solar Cells,SDG7
Renewable Energy,SDG7
Renewable Energy Generation,SDG7
Renewable Energy Production,SDG7
Renewable Energy Source,SDG7
Renewable Energy System,SDG7
Renewable Energy Technologies,SDG7
Renewable,SDG7
Smart Grid,SDG7
Smart Grid Technology,SDG7
Smart Meter,SDG7
Smart Power Grids,SDG7
Solar Cell,SDG7
Solar Energy,SDG7
Solar Energy Conversion,SDG7
Solar Energy Conversion Efficiency,SDG7
Solar Power,SDG7
Superconducting Magnetic Energy Storage,SDG7
Sustainable Energy,SDG7
Thermal Energy,SDG7
Thermal Energy Storage,SDG7
Thermal Power Plants,SDG7
Variable Speed Wind Turbine,SDG7
Vertical Axis Wind Turbine,SDG7
Water Splitting,SDG7
Wind Energy,SDG7
Wind Energy Conversion,SDG7
Wind Energy Conversion System,SDG7
Wind Energy System,SDG7
Wind Farm,SDG7
Wind Power Development,SDG7
Wind Power Generation,SDG7
Wind Power Generation System,SDG7
Wind Power Generator,SDG7
Wind Power Integration,SDG7
Wind Power Penetration,SDG7
Wind Power Plants,SDG7
Wind Power System,SDG7
Wind Turbine,SDG7
Wind Turbine Blade,SDG7
Wind Turbine Generator,SDG7
Wind Turbine Generator System,SDG7
Wind Turbine Power Curve,SDG7
2000 Watt Society,SDG7
Advanced FossilFuel Technology,SDG7
Affordable Electricity,SDG7
Affordable Energy,SDG7
Alternative Energy,SDG7
Battery Energy Storage,SDG7
Clean Cooking Fuel,SDG7
Clean Energy Development,SDG7
Clean Energy Research,SDG7
Clean Energy Technology,SDG7
Clean Fuel,SDG7
Clean Fuel Technology,SDG7
Clean Fuels,SDG7
Cleaner Fossil Fuel Technology,SDG7
Cleaner FossilFuel Technology,SDG7
Dielectric Elastomer Generators,SDG7
DiffuserAugmented Wind Turbine,SDG7
District Heat,SDG7
Domestic Energy Consumption,SDG7
Electric Vehicle,SDG7
Electricity Consumption,SDG7
Electromagnetic Energy Harvester,SDG7
Energiewende,SDG7
Energy Access,SDG7
Energy Conservation,SDG7
Energy Consumption,SDG7
Energy Development Developing Countries,SDG7
Energy Equity,SDG7
Energy Governance,SDG7
Energy Infrastructure,SDG7
Energy Intensity GDP,SDG7
Energy Intensity Primary Energy,SDG7
Energy Justice,SDG7
Energy Ladder,SDG7
Energy Policy,SDG7
Energy Poverty,SDG7
Energy Research,SDG7
Energy Security,SDG7
Energy Storage,SDG7
Energy Technology,SDG7
Energy Transition,SDG7
Foreign Development Aid Renewable Energy,SDG7
Fuel Poverty,SDG7
Fuel Switching,SDG7
GallopingBased Piezoelectric Energy Harvester,SDG7
Heat Network,SDG7
Hybrid Energy,SDG7
Hybrid Energy Storage,SDG7
Hydroelectric,SDG7
Hydrogen Production,SDG7
LifeCycle Assessment,SDG7
LithiumIon Battery,SDG7
LowCarbon Society,SDG7
Modern Electricity,SDG7
Modern Energy,SDG7
Official Development Assistance Electricity,SDG7
Photocatalytic Activity,SDG7
Photochemistry Renewable Energy,SDG7
Power Consumption,SDG7
Reliable Electricity,SDG7
Reliable Energy,SDG7
Renewable Energy Resources,SDG7
Renewable Power,SDG7
Residential Energy Consumption,SDG7
Rural Electrification,SDG7
Smart Microgrid,SDG7
Solar Radiation Electricity,SDG7
Sustainable Energy Services,SDG7
Wind Power,SDG7
Wind Turbine System,SDG7
Touris GDP,SDG8
Active Labour Market Policies,SDG8
Circular Economy,SDG8
Computable General Equilibrium,SDG8
Computable General Equilibrium Model,SDG8
Economic Activity,SDG8
Economic Development,SDG8
Economic Development Level,SDG8
Economic Growth,SDG8
Economic Growth Renewable Energy,SDG8
Economic Growth Trade Openness,SDG8
Economic Growth Rates,SDG8
Economic Impact,SDG8
Ecotourism,SDG8
Electricity Consumption Economic Growth,SDG8
Financial Development Economic Growth,SDG8
Financial Development Trade Openness,SDG8
General Equilibrium Model Econ,SDG8
Gross Domestic Product Growth,SDG8
Gross Domestic Product per Capita,SDG8
Human Capital Economic Growth,SDG8
Job Creation,SDG8
Job Destruction,SDG8
Labor Market Institutions,SDG8
Labour Market,SDG8
Local Economic Development,SDG8
Micro Small Enterprises,SDG8
Micro Small Medium Enterprises,SDG8
MicroEnterprises,SDG8
Microfinanc,SDG8
Microfinance Institutions,SDG8
Negative Impact Economic Growth,SDG8
Real Gross Domestic Product,SDG8
Small Medium Enterprise,SDG8
Small Medium Micro Enterprises,SDG8
SocioEconomic Development,SDG8
Sustainable Economic,SDG8
Sustainable Economic Development,SDG8
Sustainable Economic Growth,SDG8
Sustainable Growth,SDG8
Sustainable Tourism GDP,SDG8
Sustainable Tourism Development,SDG8
Tourism Economic Growth,SDG8
Tourism Development Gdp,SDG8
Trade Union,SDG8
Trade Union Movement,SDG8
Access Banking,SDG8
Aid Trade,SDG8
Average Hourly Earnings,SDG8
Carbon Offset,SDG8
Child Soldier,SDG8
Child Soldiers,SDG8
Climate Action,SDG8
CommunityBased Tourism,SDG8
Cradle Cradle Economy,SDG8
Decent Job,SDG8
Decent Work,SDG8
Domestic Financial Institutions,SDG8
Domestic Material Consumption,SDG8
Economic Benefits,SDG8
Economic Decoupling,SDG8
Economic Development Policy,SDG8
Economic Development Strategy,SDG8
Economic Diversification,SDG8
Economic Globalisation,SDG8
Economic Growth Employment,SDG8
Economic Growth Productivity,SDG8
Economic Growth Rate,SDG8
Economic Productivity,SDG8
Employment Contracts Act,SDG8
Employment Opportunities,SDG8
Employment Policy,SDG8
Employment Protection,SDG8
Entrepreneurship,SDG8
Equal Income,SDG8
Equal Pay Work Equal Value,SDG8
Equal Wages,SDG8
Fatal Occupational Injuries,SDG8
Financial Access,SDG8
Financial Inclusion,SDG8
Forced Labour,SDG8
Foreign Development Investment,SDG8
Full Employment,SDG8
Global Jobs,SDG8
Global Jobs Pact,SDG8
Global Trade,SDG8
Growth Rate Real Gdp,SDG8
Inclusive Economic Growth,SDG8
Inclusive Economy,SDG8
Inclusive Growth,SDG8
Informal Employment,SDG8
International Labour Organization,SDG8
Labour Market Disparities,SDG8
Labour Market Institution,SDG8
Labour Right,SDG8
Labour rights,SDG8
Living Wage,SDG8
Local Economic Development Policy,SDG8
LowCarbon Economy,SDG8
Material Footprint,SDG8
Medium Enterprise,SDG8
Medium Entrepreneur,SDG8
Micro Finance,SDG8
Micro Small MediumSized Enterprises,SDG8
Microcredit,SDG8
Microenterprise,SDG8
Migrant Workers,SDG8
Minimum Wage,SDG8
Modern Slavery,SDG8
NonFatal Occupational Injuries,SDG8
Education Employment Training,SDG8
Offset Project,SDG8
per Capita Gross Domestic Product,SDG8
Precarious Employment,SDG8
Precarious Job,SDG8
Productive Employment,SDG8
Quality Job,SDG8
Quality Jobs,SDG8
Rate Economic Growth,SDG8
Resource Efficiency,SDG8
Rural Economy,SDG8
Safe Work,SDG8
Safe Working Environment,SDG8
Safe Working Environments,SDG8
Secure Work,SDG8
Secure Working Environments,SDG8
Small Business,SDG8
Small Enterprise,SDG8
Small Enterprises,SDG8
Small Entrepreneur,SDG8
Social Entrepreneurship,SDG8
Stable Employment,SDG8
Stable Jobs,SDG8
Starting Entrepreneur,SDG8
Sustainable Tourism,SDG8
Sustainable Tourism Policy,SDG8
10Year Framework Programmes Sustainable Consumption Production,SDG8
Enhanced Integrated Framework TradeRelated Technical Assistance Least Developed Countries,SDG8
International Labour Organization,SDG8
Total Factor Productivity,SDG8
Total Factor Productivity Growth,SDG8
Tourism GDP,SDG8
Tourism Economics,SDG8
Tourism Employment,SDG8
Unemployment,SDG8
Unemployment Rate,SDG8
Work Opportunities,SDG8
Working Poor,SDG8
World Trade,SDG8
Youth Employment,SDG8
Youth Minimum Wage,SDG8
Youth Unemployment,SDG8
Inclusive Sustainable Industrialization,SDG9
Access Information Communications Technology,SDG9
Access Internet,SDG9
Accessible Transportation,SDG9
Asian Infrastructure Investment Bank,SDG9
Broadband Access Developing Countries,SDG9
Clean Industrial Processes,SDG9
Clean Technologies,SDG9
Closed Loop Supply Chain,SDG9
Community Innovation Survey,SDG9
Conducive Policy Industrial Diversification,SDG9
Conducive Policy Inter Alia,SDG9
Conducive Policy Value Addition,SDG9
Cradle Cradle Industry,SDG9
Development Information Communication Technology,SDG9
Development Small Medium Enterprises,SDG9
Domestic Technology Development,SDG9
Environmentally Sound Industrial Processes,SDG9
Environmentally Sound Technologies,SDG9
Foster Innovation,SDG9
Green Product,SDG9
ICT Infrastructure,SDG9
Inclusive Innovation,SDG9
Inclusive Transportation,SDG9
Industrial Development,SDG9
Industrial Diversification,SDG9
Industrial Emissions Mitigation,SDG9
Industrial Growth,SDG9
Industrial Performance,SDG9
Industrial Waste Management,SDG9
Industrial Waste Treatment,SDG9
Industrial Innovation,SDG9
Industry 40,SDG9
Information Communications Technology Development,SDG9
Infrastructural Development,SDG9
Infrastructure Development,SDG9
Infrastructure Investment,SDG9
Innovation Management,SDG9
Innovation Processes,SDG9
Innovation System,SDG9
Manufacturing Employment,SDG9
Manufacturing Firms,SDG9
Manufacturing Industry,SDG9
Manufacturing Innovation,SDG9
Manufacturing Investment,SDG9
Manufacturing Value,SDG9
Official Development Assistance Infrastructure,SDG9
Official International Support Infrastructure,SDG9
Process Innovation,SDG9
Product Process Innovation,SDG9
Product Innovation,SDG9
Public Infrastructure,SDG9
RD Investment,SDG9
Regional Infrastructure,SDG9
Regional Innovation System,SDG9
Resilient Infrastructure,SDG9
ResourceUse Efficiency,SDG9
Retrofit Industries Sustainable,SDG9
SmallScale Industries,SDG9
Sustainable Industrialisation,SDG9
Sustainable Infrastructure,SDG9
Sustainable Manufacturing,SDG9
Sustainable Transportation,SDG9
Technological Innovation,SDG9
Technology Innovation,SDG9
National Innovation System,SDG9
Traffic Congestion,SDG9
Transborder Infrastructure,SDG9
Transportation Services,SDG9
Upgrade Infrastructure Sustainable,SDG9
Value Chain Management,SDG9
Affordable Housing,SDG10
Ageism,SDG10
Bilateral Foreign Direct Investment,SDG10
Bilateral Investment Treaties,SDG10
Corporate Social Responsibility,SDG10
Economic Inequality,SDG10
Female Genital Mutilation,SDG10
Financial Assistance,SDG10
Gender Differences,SDG10
Health Care Access,SDG10
Health Disparities,SDG10
Health Disparity,SDG10
Health Inequalities,SDG10
Health Status Disparities,SDG10
Healthcare Disparities,SDG10
Homophobia,SDG10
Homosexuality,SDG10
Household Income Inequality,SDG10
Human Rights,SDG10
Human Rights Law,SDG10
Human Rights Violations,SDG10
Income Inequality,SDG10
International Human Rights,SDG10
International Human Rights Standards,SDG10
International Human Rights Treaties,SDG10
International Humanitarian Law,SDG10
LGBT,SDG10
Low Socioeconomic,SDG10
Preferential Trade Agreements,SDG10
Racism,SDG10
Sex Difference,SDG10
Sexual Minority,SDG10
Social Class,SDG10
Social Discrimination,SDG10
Social Dominance Orientation,SDG10
Social Economic,SDG10
Social Exclusion,SDG10
Social Inclusion,SDG10
Social Inequality,SDG10
Social Isolation,SDG10
Social Justice,SDG10
Social Policy,SDG10
Social Stigma,SDG10
Socioeconomic Inequality,SDG10
Socioeconomic Position,SDG10
Socioeconomic Status,SDG10
Ambivalent Sexism,SDG10
Ambivalent Sexism Theory,SDG10
Developing DutyFree Access,SDG10
Developing Tariff,SDG10
Developing ZeroTariff,SDG10
Developing Countries ZeroTariff,SDG10
Development Assistance,SDG10
Development Gap,SDG10
Discriminatory Law,SDG10
Discriminatory Policy,SDG10
Discriminatory Practices,SDG10
Economic Empowerment,SDG10
Economic Inclusion,SDG10
Economic MarginaliAtion,SDG10
Economic Reform Policy,SDG10
Economic Transformation,SDG10
Emigration Immigration,SDG10
Emigration Biodiversity,SDG10
Emigration Chemistry,SDG10
Emigration Disease,SDG10
Equal Opportunity,SDG10
Equality Economic,SDG10
Equality Financial,SDG10
Equality SocioEconomic,SDG10
Ethnic Minority,SDG10
Financial Soundness Indicators,SDG10
Fiscal Protection Policies,SDG10
Foreign Direct Investment,SDG10
Foreign Direct Investment,SDG10
Foreign Investment,SDG10
Global Market Empowerment,SDG10
Growth Household Expenditure,SDG10
Health Care Disparity,SDG10
Human Dignity,SDG10
Human Rights Abuse,SDG10
Immigration Biodiversity,SDG10
Immigration Chemistry,SDG10
Immigration Disease,SDG10
Income Growth,SDG10
Indigenous Equali,SDG10
Indigenous People Equali,SDG10
Inequality Economic,SDG10
Inequality Financial,SDG10
Inequality SocioEconomic,SDG10
Intimate Partner Violence,SDG10
Labour Share,SDG10
Least Developed Countries ZeroTariff,SDG10
Migrant Remittance,SDG10
Migrant Remittances,SDG10
Migration Policies,SDG10
Migration Policy,SDG10
NorthSouth Divide,SDG10
Political Inclusion,SDG10
Reduce Inequalities,SDG10
Remittance Corridors,SDG10
Remittance Costs,SDG10
Responsible Migration,SDG10
Social Dominance,SDG10
Social Dominance Orientation,SDG10
Social Protection Policy,SDG10
Social Responsibility,SDG10
Socioeconomic Deprivation,SDG10
Wage Protection Policies,SDG10
Air Pollutant,SDG11
Air Pollution,SDG11
Air Pollution Particulate Matter,SDG11
Air Pollution Public Health,SDG11
Air Pollution Urban Areas,SDG11
Air Pollution Control Measures,SDG11
Air Pollution Exposure,SDG11
Air Pollution Index,SDG11
Air Pollution Levels,SDG11
Air Pollution Monitoring,SDG11
Air Quality,SDG11
Air Quality Human Health,SDG11
Air Quality Urban Areas,SDG11
Air Quality Index,SDG11
Air Quality Management,SDG11
Air Quality Model,SDG11
Air Quality Monitoring,SDG11
Air Quality Monitoring Network,SDG11
Air Quality Monitoring Station,SDG11
Ambient Air,SDG11
Ambient Air Pollution,SDG11
Ambient Air Quality,SDG11
Ambient Air Quality Monitoring,SDG11
Ambient Fine Particulate Matter,SDG11
Atmospheric Pollution,SDG11
Bus Rapid Transit,SDG11
City Planning,SDG11
Cultural Heritage,SDG11
Fine Particulate Matter,SDG11
Green Space,SDG11
Greenhouse Gas Emissions,SDG11
Health Effects Air Pollution,SDG11
Indoor Air Quality,SDG11
Intelligent Transportation System,SDG11
Local Air Quality,SDG11
Multiscale Air Quality Model,SDG11
Municipal Solid Waste,SDG11
Municipal Solid Waste Generation,SDG11
Municipal Solid Waste Incineration,SDG11
Municipal Solid Waste Landfill,SDG11
Municipal Solid Waste Management,SDG11
Municipal Solid Wastes,SDG11
Municipal Wastewater,SDG11
Municipal Wastewater Treatment,SDG11
Municipal Wastewater Treatment Plant,SDG11
National Ambient Air Quality Standards,SDG11
Organic Fraction Municipal Solid Waste,SDG11
Particulate Matter,SDG11
Particulate Matter Aerodynamic Diameter,SDG11
PM10,SDG11
PM25,SDG11
Public Transport,SDG11
Public Transport System,SDG11
Regional Air Quality,SDG11
Smart City,SDG11
Smart City Concept,SDG11
Smart City Development,SDG11
Smart City Services,SDG11
Solid Waste Incineration,SDG11
Solid Waste Management,SDG11
Solid Waste Management System,SDG11
Sustainable City,SDG11
Sustainable Urban Development,SDG11
Sustainable Urban Planning,SDG11
Sendai Framework Disaster Risk Reduction,SDG11
Traffic Congestion Air Pollution,SDG11
Transportation System,SDG11
Urban Air Pollution,SDG11
Urban Air Quality,SDG11
Urban Development,SDG11
Urban Environment,SDG11
Urban Green Spaces,SDG11
Urban Planning,SDG11
Urban Planning Development,SDG11
Urban Planning Management,SDG11
Urban Policy,SDG11
Urban Public Transport,SDG11
Urban Sustainability,SDG11
Urban Traffic,SDG11
Urban Transport,SDG11
Urbanization,SDG11
Volatile Organic Compound,SDG11
Waste Incineration,SDG11
Waste Management,SDG11
Waste Management System,SDG11
Waste Treatment,SDG11
Accessibility Public Transport,SDG11
Aerosol Optical Thickness,SDG11
Air Pollution Model,SDG11
Basic Service,SDG11
Black Carbon,SDG11
Building Design,SDG11
Citizen Participation,SDG11
Collaborative Planning,SDG11
Congestion,SDG11
Development Planning,SDG11
Disaster,SDG11
Disaster Management,SDG11
Disaster Risk Management,SDG11
Disaster Strategy,SDG11
Ecological Footprint,SDG11
Environmental Footprint,SDG11
Gentrification,SDG11
Governance,SDG11
Green Spaces,SDG11
Housing,SDG11
Human Settlements,SDG11
Inadequate Housing,SDG11
Inclusive Urbanization,SDG11
Inclusiveness,SDG11
Informal Settlements,SDG11
Land Consumption Population Growth,SDG11
Local Air Pollution,SDG11
Local Fiscal Space,SDG11
Low Impact Urban Design Development,SDG11
Natural Heritage,SDG11
Nature Inclusive,SDG11
Nature Inclusive Building,SDG11
Participatory Planning,SDG11
Pollutant,SDG11
Pollution,SDG11
Public Space,SDG11
Public Spaces,SDG11
Public Transit,SDG11
Public Transport Users,SDG11
Recycling,SDG11
Residential Areas,SDG11
Residential Development,SDG11
Resilient Building,SDG11
Resilient Buildings,SDG11
Sendai Framework,SDG11
Slum,SDG11
Slum,SDG11
Slums,SDG11
Solid Waste,SDG11
Sustainable Building,SDG11
Sustainable Urbanisation,SDG11
Territorial Development,SDG11
Total Municipal Waste,SDG11
Total Solids,SDG11
Town Planning,SDG11
Transport Systems,SDG11
Transportation,SDG11
Unesco,SDG11
Urban Air,SDG11
Urban Design,SDG11
Urban Growth,SDG11
Urban Housing,SDG11
Urban Morphology,SDG11
Urban Policies,SDG11
Urban Transportation,SDG11
UrbaniAtion,SDG11
Waste,SDG11
Wastewater Treatment Plants,SDG11
Zero Energy Building,SDG11
Anaerobic Digestion,SDG12
Biochemical Methane Potential,SDG12
Building Energy Efficiency,SDG12
Circular Economy,SDG12
Combined Heat Power,SDG12
Education Sustainable Development,SDG12
Energy Efficiency Buildings,SDG12
Energy Saving,SDG12
Environmental Impact Assessment,SDG12
Environmental Impact Categories,SDG12
Environmental Life Cycle Assessment,SDG12
Environmental Policy,SDG12
Environmental Technology,SDG12
Food Waste,SDG12
Green Supply Chain Management,SDG12
Hazardous Chemicals,SDG12
Hazardous Waste,SDG12
Hazardous Waste Management,SDG12
Heavy Metal Pollut,SDG12
Heavy Metal Pollution,SDG12
Household Food Waste,SDG12
Hydraulic Retention Time,SDG12
Industrial Waste,SDG12
Integrated Solid Waste Management,SDG12
Life Cycle Energy Analysis,SDG12
Life Cycle Impact Assessment,SDG12
Low Carbon Economy,SDG12
Lowcarbon Economy,SDG12
Material Flow Analysis,SDG12
Persistent Organic Pollutants,SDG12
Phase Change Materials,SDG12
Potential Environmental Impacts,SDG12
Power Conversion Efficiency,SDG12
Sewage Sludge,SDG12
Solid Waste Disposal,SDG12
Solid Waste Generation,SDG12
Sustainable Production Consumption,SDG12
Sustainable Consumption,SDG12
Sustainable Consumption Production,SDG12
Sustainable Production,SDG12
Sustainable Supply Chain,SDG12
Resource Conservation Recovery Act,SDG12
Volatile Fatty Acid,SDG12
Waste Recycling,SDG12
Wastewater Treatment Plant,SDG12
Water Pollutants Chemical,SDG12
Biobased Economy,SDG12
Building Energy Management,SDG12
Chemical Pollution,SDG12
Consumer Behaviour,SDG12
Consumption Resource Use,SDG12
Consumption Spill,SDG12
Corporate Sustainability,SDG12
Cradle Cradle,SDG12
Deep Decarbonisation,SDG12
Efficient Use Natural Resources,SDG12
Efficient Use Resources,SDG12
Energy Efficient,SDG12
Energy Management,SDG12
Energy Management Systems,SDG12
Energy Utilization,SDG12
Environmental Pollution,SDG12
Food Loss,SDG12
Food Loss Index,SDG12
Food Spill,SDG12
Food Waste Index,SDG12
Fossil Fuel Subsidies,SDG12
FossilFuel Expenditure,SDG12
FossilFuel Subsidies,SDG12
Global Food Waste,SDG12
Global Resource Extraction,SDG12
Green Computing,SDG12
Green Consumption,SDG12
Harvest Efficiency,SDG12
Harvest Losses,SDG12
Hazardous Chemical,SDG12
Hazardous Waste Treatment,SDG12
Heavy Metals Pollut,SDG12
Life Cycle Analysis,SDG12
Life Cycle Assessment,SDG12
Low Power Consumption,SDG12
Market Distortions,SDG12
Material Flow Accounting,SDG12
Monitoring Sustainable Development,SDG12
Multilateral Environmental Agreements,SDG12
National Recycling Rate,SDG12
Overconsumption,SDG12
Ozone Depletion,SDG12
Pesticide Pollution,SDG12
Pesticide Reduction,SDG12
Pesticide Stress,SDG12
Phase Change Material,SDG12
PostHarvest Losses,SDG12
Production Resource Use,SDG12
Production Spill,SDG12
Public Procurement Sustainable,SDG12
Reduce Waste Generation,SDG12
Renewable EnergyGenerating,SDG12
Resource Recycling,SDG12
Resource Reuse,SDG12
Resource Spill,SDG12
Responsible Production Chains,SDG12
Societal Metabolism,SDG12
Sustainability Label,SDG12
Sustainable Consumption Patterns,SDG12
Sustainable Development Education,SDG12
Sustainable Food Consumption,SDG12
Sustainable Management,SDG12
Sustainable Practices,SDG12
Sustainable Procurement,SDG12
Sustainable Production Patterns,SDG12
Sustainable Public Procurement,SDG12
Sustainable Public Procurement Policies,SDG12
Sustainable Resource Use,SDG12
10Year Framework Programmes Sustainable Consumption Production Patterns,SDG12
Organic Fraction Municipal Solid Waste,SDG12
Toxic Chemical,SDG12
Waste Generation,SDG12
Wasteful Consumption,SDG12
Zero Waste,SDG12
Anthropogenic Climate,SDG13
Anthropogenic Climate Change,SDG13
Anthropogenic Greenhouse Gas,SDG13
Anthropogenic Greenhouse Gas Emissions,SDG13
Atmospheric Carbon Dioxide,SDG13
Carbon Capture,SDG13
Carbon Emissions,SDG13
Carbon Footprint,SDG13
Change Adaptation Strategies,SDG13
Clean Development Mechanism,SDG13
Climate Natural Disaster,SDG13
Climate Change,SDG13
Climate Change Adaptation,SDG13
Climate Change Adaptation Measures,SDG13
Climate Change Adaptation Planning,SDG13
Climate Change Adaptation Policy,SDG13
Climate Change Adaptation Strategy,SDG13
Climate Change Impact,SDG13
Climate Change Mitigation,SDG13
Climate Change Mitigation Policy,SDG13
Climate Change Mitigation Strategies,SDG13
Climate Change Policy,SDG13
Climate Change Risk,SDG13
Climate Forcing,SDG13
Climate Impacts,SDG13
Climate Mitigation,SDG13
Climate Policy,SDG13
Climate Variability,SDG13
El Niño,SDG13
El Niño Southern Oscillation,SDG13
Extreme Weather,SDG13
Global Climate Model,SDG13
Global Temperature,SDG13
Global Warming,SDG13
Global Warming Potential,SDG13
Greenhouse Gas,SDG13
Greenhouse Gas Emission,SDG13
IPCC,SDG13
Nitrous Oxide Emissions,SDG13
Regional Climate Model,SDG13
Regional Climate Model,SDG13
Sea Ice Loss,SDG13
Sea Level,SDG13
Sea Level Change,SDG13
Sea Level Rise,SDG13
Kyoto Protocol,SDG13
Paris Agreement,SDG13
Acclimatization Thermal Strain Index,SDG13
Acidification Seawater,SDG13
Antarctic Cold Reversal,SDG13
Average Global Temperature,SDG13
Carbon Dioxide Emissions,SDG13
Climate Adaptation,SDG13
Climate Adaptive Management,SDG13
Climate Anthropocene,SDG13
Climate Atmospher,SDG13
Climate Awareness,SDG13
Climate Bioeconomy,SDG13
Climate Carbon,SDG13
Climate Clean Development Mechanism,SDG13
Climate Consumption,SDG13
Climate DecisionMaking,SDG13
Climate Disaster Risk Reduction,SDG13
Climate Emission,SDG13
Climate Energy Conservation,SDG13
Climate Environmental Education,SDG13
Climate Extreme,SDG13
Climate Food Chain,SDG13
Climate Framework,SDG13
Climate Glacier Retreat,SDG13
Climate Greenhouse,SDG13
Climate Hazard,SDG13
Climate IceOcean Interaction,SDG13
Climate Island,SDG13
Climate Land Use,SDG13
Climate Megacit,SDG13
Climate Nitrogen Cycle,SDG13
Climate Ocean Acidification,SDG13
Climate Ozone,SDG13
Climate Politics,SDG13
Climate Production,SDG13
Climate Radiative Forcing,SDG13
Climate Sea Ice,SDG13
Climate Sea Level,SDG13
Climate Small Island Developing States,SDG13
Climate Sustainable Development Education,SDG13
Climate Thermal Expansion,SDG13
Climate UNFCCC,SDG13
Climate Warming,SDG13
Climate Capitalism,SDG13
Climate Change Adaptation,SDG13
Climate Change Early Warning,SDG13
Climate Change Impact Reduction,SDG13
Climate Change Management,SDG13
Climate Change Mitigation,SDG13
Climate Change Planning,SDG13
Climate Change Effects,SDG13
Climate Change Financing,SDG13
Climate Change Management,SDG13
Climate Change Planning,SDG13
Climate Change Scenarios,SDG13
Climate Early Warning,SDG13
Climate Effect,SDG13
Climate Equity,SDG13
Climate Feedback,SDG13
Climate Finance,SDG13
Climate Governance,SDG13
Climate Hazards,SDG13
Climate Impact,SDG13
Climate Investment,SDG13
Climate Justice,SDG13
Climate Model,SDG13
Climate Models,SDG13
Climate Prediction,SDG13
Climate Related Hazards,SDG13
Climate Risk,SDG13
Climate Service,SDG13
Climate Signal,SDG13
Climate Tipping Point,SDG13
Climate Variation,SDG13
Climate Warming,SDG13
CO2 Capture,SDG13
COP 21,SDG13
COP 22,SDG13
Ecoclimatology,SDG13
Extreme Weather Events,SDG13
Green Climate Fund,SDG13
Ice Loss,SDG13
Indian Ocean Dipole,SDG13
Interdecadal Pacific Oscillation,SDG13
La Niã,SDG13
Marine Isotope Stage,SDG13
Ocean Warming,SDG13
Regional Climate,SDG13
Sea Surface Temperature,SDG13
Southern Oscillation Index,SDG13
Sendai Framework Disaster Risk Reduction 2015–2030,SDG13
United Nations Framework Convention Climate Change,SDG13
Urban Climate,SDG13
Forest,SDG14
Aquatic Food Webs,SDG14
Baltic Sea Action Plan,SDG14
Coastal Environment,SDG14
Coastal Habitat,SDG14
Coastal Management,SDG14
Coastal Marine Ecosystems,SDG14
Common Fisheries Policy,SDG14
Convention Conservation Antarctic Marine Living Resources,SDG14
Coral Bleach,SDG14
Coral Reef,SDG14
Coral Reef Ecosystem,SDG14
Coral Reef Fish,SDG14
EcosystemBased Fisheries Management,SDG14
Exclusive Economic Zone,SDG14
Fish Populations,SDG14
Fish Species,SDG14
Fish Stocks,SDG14
Fisheries Management,SDG14
Fishery Management,SDG14
Fishing Effort,SDG14
Fishing Pressure,SDG14
Great Barrier Reef,SDG14
Harmful Algal Bloom,SDG14
Integrated Coastal Zone Management,SDG14
Integrated MultiTrophic Aquaculture,SDG14
Large Marine Ecosystem,SDG14
Marine,SDG14
Marine Ecosystem,SDG14
Marine Environment,SDG14
Marine Fish,SDG14
Marine Food Web,SDG14
Marine Habitats,SDG14
Marine Life,SDG14
Marine Mammals,SDG14
Marine Organisms,SDG14
Marine Protected Area,SDG14
Marine Resource Management,SDG14
Marine Spatial Planning,SDG14
Marine Species,SDG14
Marine Stewardship Council,SDG14
NoTake Marine Protected Area,SDG14
NoTake Marine Reserve,SDG14
Ocean Acidification,SDG14
Plastic Debris,SDG14
Regional Fisheries Management Organizations,SDG14
Seagrass Bed,SDG14
Species Richness,SDG14
Marine Strategy Framework Directive,SDG14
Total Allowable Catch,SDG14
United Nations Convention Law Sea,SDG14
Aquaculture,SDG14
Artisanal Fishers,SDG14
Biogeochemical Cycle,SDG14
Coastal Areas,SDG14
Coastal Biodiversity,SDG14
Coastal Ecosystem,SDG14
Coastal Ecosystems,SDG14
Coastal Ecotourism,SDG14
Coastal Eutrophication,SDG14
Coastal Habitats,SDG14
Community Based Conservation,SDG14
Coral Bleaching,SDG14
Coral Reef System,SDG14
Coral Triangle Region,SDG14
Destructive Fishing,SDG14
Ecological Marine Units,SDG14
EcosystemBased Marine Areas,SDG14
Eutrophicat,SDG14
Fish Stocks Fisheries Management,SDG14
Fisheries,SDG14
Fisheries Rights,SDG14
Fisheries Subsidies,SDG14
Fishery,SDG14
Fishing Practices,SDG14
Hauraki Gulf Marine Park,SDG14
Healthy Oceans,SDG14
IceOcean,SDG14
Illegal Fishing,SDG14
Intergovernmental Oceanographic Commission Criteria Guidelines Transfer Marine Technology,SDG14
Kelp,SDG14
Law Sea,SDG14
Local Fisheries,SDG14
Marine Acidity,SDG14
Marine Areas,SDG14
Marine Biodiversity,SDG14
Marine Conservation,SDG14
Marine Debris,SDG14
Marine Economy,SDG14
Marine Ecosystems,SDG14
Marine Fisheries,SDG14
Marine Herbivorous Fish,SDG14
Marine Invertebrate,SDG14
Marine Land Slide,SDG14
Marine Natural Product,SDG14
Marine Parks,SDG14
Marine Pollution,SDG14
Marine Quota,SDG14
Marine Reserve,SDG14
Marine Resources,SDG14
Marine Technology,SDG14
Nutrient Pollution,SDG14
Nutrient Runoff,SDG14
Ocean Biogeographic Information System,SDG14
Oceanic Circulation Model,SDG14
Okakari Point Marine Reserve,SDG14
Overfishing,SDG14
Overfishing Illegal Unreported Unregulated Fishing,SDG14
Plastic Density Debris,SDG14
Productive Oceans,SDG14
Sea Grasses,SDG14
Small Island Development States,SDG14
SmallScale Artisanal Fishers,SDG14
SmallScale Fisheries,SDG14
Sustainable Fisheries,SDG14
Sustainable Yield,SDG14
Traditional Ecological Knowledge,SDG14
Unregulated Fishing,SDG14
Water Cycle,SDG14
Biodivers,SDG15
Biodiversity Loss,SDG15
Biological Diversity,SDG15
Corine Land Cover,SDG15
Deforest,SDG15
Desertif,SDG15
Dry Season,SDG15
Dryland,SDG15
Earth System Model,SDG15
Ecosystem Function,SDG15
Ecosystem Service,SDG15
Ecosystem,SDG15
Endangered Species,SDG15
Endangered Species Act,SDG15
Enhanced Vegetation Index,SDG15
Environmental Change,SDG15
Environmental Factor,SDG15
Environmental Impact,SDG15
Eu Water Framework Directive,SDG15
FireFallow Cultivation,SDG15
Forest Cover,SDG15
Forest Degradation,SDG15
Forest Ecosystem,SDG15
Forest Management,SDG15
Gross Primary Production,SDG15
Habitat Fragmentation,SDG15
Invasive Species,SDG15
Iucn Red List,SDG15
Land Cover Change,SDG15
Land Cover Type,SDG15
Land Data Assimilation System,SDG15
Land Degradation,SDG15
Land Degradation Neutrality,SDG15
Land Use Land Cover,SDG15
Land UseLand Cover Change,SDG15
Leaf Area Index,SDG15
Low Impact Development,SDG15
Mountain,SDG15
Native Species,SDG15
Natural Vegetation,SDG15
Net Ecosystem Exchange,SDG15
Net Ecosystem Productivity,SDG15
Normalized Difference Vegetation Index,SDG15
Palmer Drought Severity Index,SDG15
Plant Functional Types,SDG15
Plant Species,SDG15
Plant Species Richness,SDG15
Protected Area,SDG15
Revised Universal Soil Loss Equation,SDG15
Soil Water Assessment Tool,SDG15
Soil Water Assessment Tool,SDG15
Soil Degradation,SDG15
Soil Erosion,SDG15
Soil Quality,SDG15
Soil Quality Index,SDG15
Soil Water Content,SDG15
Species Distribution,SDG15
Species Diversity,SDG15
Terrestrial Ecosystem,SDG15
Terrestrial Water Storage,SDG15
Threatened Species,SDG15
Topographic Wetness Index,SDG15
Trophic Web,SDG15
Tropical Forests,SDG15
Tropical Rainfall Measuring Mission,SDG15
Universal Soil Loss Equation,SDG15
Vegetation Types,SDG15
Wetland,SDG15
Wetland Ecosystem,SDG15
Wetland,SDG15
Wetlands,SDG15
Yellow River Delta,SDG15
Afforestation,SDG15
Aichi Biodiversity Target 2,SDG15
BiodiversityInclusive,SDG15
Bioeconom,SDG15
Biological Indicators,SDG15
Biological Invasion,SDG15
Biological Production,SDG15
Degrad Natural Habitats,SDG15
Degraded Forests,SDG15
Degraded Land,SDG15
Degraded Soil,SDG15
Drought,SDG15
Earth System,SDG15
Ecological Health,SDG15
Ecological Resilience,SDG15
Ecosystem Health,SDG15
Ecosystem Protection,SDG15
Ecosystem Restoration,SDG15
Environmental Degradation,SDG15
Environmental Management,SDG15
Environmental Stress,SDG15
Estuarine Ecosystems,SDG15
Exotic Species,SDG15
Extinct Species,SDG15
Extinction Risk,SDG15
Extinction Wave,SDG15
Forest Auditing,SDG15
Forest Certification,SDG15
Forest Cover Change,SDG15
Forest Stewardship Council,SDG15
Freshwater Biodiversity,SDG15
Freshwater Species,SDG15
Genetic Resources,SDG15
Habitat Loss,SDG15
Habitat Restoration,SDG15
HumanWildlife Conflict,SDG15
Illegal Logging,SDG15
Illegal Wildlife Products,SDG15
Inland Freshwater Ecosystems,SDG15
Invasive Alien Species,SDG15
Invasive Plant Species,SDG15
Land Conservation,SDG15
Land Cover,SDG15
Land Loss,SDG15
Land Restoration,SDG15
Land Use,SDG15
Land Use Change,SDG15
Local Environmental Factors,SDG15
Low Impact Urban Design Development,SDG15
LULUCF,SDG15
Mountain Biodiversity,SDG15
Mountain Ecosystems,SDG15
Mountain Green Cover Index,SDG15
Mountain Vegetation,SDG15
Mountainous Cover,SDG15
Nagoya Protocol Access Genetic Resources,SDG15
National Nature Reserve,SDG15
Native Forest,SDG15
Naturalized Species Richness,SDG15
Official Development Assistance Conservation Biodiversity,SDG15
Poach,SDG15
Poach Protected Species,SDG15
Priority Species,SDG15
Protected Fauna,SDG15
Protected Flora,SDG15
Protected Species,SDG15
Rainforest Lliance,SDG15
Red List Index,SDG15
Red List Species,SDG15
REDD,SDG15
Reforestation,SDG15
Riparian Vegetation,SDG15
Riparian Zone Management,SDG15
Silviculture,SDG15
SlashandBurn,SDG15
Soil Restoration,SDG15
Strategic Plan Biodiversity 2011–2020,SDG15
Stream Ecosystem Health,SDG15
Swamp Forest,SDG15
System EnvironmentalEconomic Accounting,SDG15
Terrestrial Biodiversity,SDG15
Terrestrial Ecosystems,SDG15
Terrestrial Freshwater Ecosystems,SDG15
Terrestrial Species,SDG15
Threatened Native Species,SDG15
Timber Harvest,SDG15
Traffick Protected Species,SDG15
Tree Cover,SDG15
Trophic Cascade,SDG15
Trophic Level,SDG15
Vegetation Communities,SDG15
Vegetation Cover,SDG15
Water Sensitive Design,SDG15
Wildlife Market,SDG15
Wildlife Product,SDG15
Wildlife Traffic,SDG15
Physical Emotional Sexual Abuse Violence,SDG16
Childhood Sexual Abuse,SDG16
Childhood Trauma Questionnaire,SDG16
Crime,SDG16
Crimes Humanity,SDG16
Criminal Activity,SDG16
Criminal Justice,SDG16
Criminal Justice System,SDG16
Criminal Law,SDG16
Human Rights Abuses,SDG16
Human Rights Fundamental Freedoms,SDG16
Organized Crime,SDG16
Physical Abuse,SDG16
Physical Abuse Sexual Abuse,SDG16
Physical Violence,SDG16
Physical Violence Sexual Violence,SDG16
Terrorism,SDG16
Terrorist Attack,SDG16
Terrorist Attacks,SDG16
Transnational Organized Crime,SDG16
Violent Crime,SDG16
War Crimes,SDG16
Physical Sexual Abuse,SDG16
Aarhus Convention,SDG16
Accountable Institution,SDG16
Accountable Institutions,SDG16
Actual Innocence,SDG16
Arbitrary Detention,SDG16
Arbitrary Justice,SDG16
Armed Conflict,SDG16
Arms Flow,SDG16
Arms Trafficking,SDG16
Birth Registration,SDG16
Bribery,SDG16
Civil Conflict,SDG16
Combat Crime,SDG16
Combat Terrorism,SDG16
ConflictRelated Deaths,SDG16
Corruption Bribery,SDG16
Corruption Conflict,SDG16
Corruption Government,SDG16
Corruption Institution,SDG16
Corruption Public Official,SDG16
Criminal Tribunal,SDG16
Cybercrime,SDG16
DemocratiAtion Conflict,SDG16
DemocratiAtion DecisionMaking,SDG16
DemocratiAtion Financial Aid,SDG16
DemocratiAtion Institutional,SDG16
DemocratiAtion Politics,SDG16
DemocratiAtion Society,SDG16
Democratic Deficit,SDG16
Democratic Institution,SDG16
Effective Institution,SDG16
Effective Rule Law,SDG16
Ethnic Conflict,SDG16
Exoneration,SDG16
Extremism War Crime,SDG16
Fair Society,SDG16
False Confession,SDG16
Formal Dispute Resolution,SDG16
Freedom Information,SDG16
Freedom Speech,SDG16
Fundamental Freedom,SDG16
Genocid,SDG16
Good Governance,SDG16
Homicid,SDG16
Human Rights Activists,SDG16
Human Rights Institution,SDG16
Illegal Arms,SDG16
Illicit Arms Flows,SDG16
Illicit Financial Flows,SDG16
Illicit Money,SDG16
Illicit Transfer,SDG16
Inclusive Institution,SDG16
Inclusive Institutions,SDG16
Inclusive Societies,SDG16
Inclusive Society,SDG16
Independence Judiciary,SDG16
Informal Dispute Resolution,SDG16
Insurgence,SDG16
Intentional Homicide,SDG16
Judicial System,SDG16
Justice,SDG16
Justice System,SDG16
Legal Identity,SDG16
Legal Remedy,SDG16
Murder,SDG16
NonDiscriminatory Laws,SDG16
Paris Principles,SDG16
Peaceful Societies,SDG16
Peaceful Society,SDG16
Policy Sustainable Development,SDG16
Political DecisionMaking Inclusive,SDG16
Political DecisionMaking Participatory,SDG16
Political DecisionMaking Representative,SDG16
Political DecisionMaking Responsive,SDG16
Political Instability,SDG16
Press Freedom,SDG16
Prevent Violence,SDG16
Psychological Abuse,SDG16
Psychological Violence,SDG16
Refugee,SDG16
Responsive Institution,SDG16
Rule Law,SDG16
Separation Powers,SDG16
Terroris,SDG16
Torture,SDG16
Torture Children,SDG16
Transparent Institution,SDG16
Unsentenced Detention,SDG16
Violence,SDG16
Violence Death Rates,SDG16
Violence Risk,SDG16
Violent Acts,SDG16
Violent Conflict,SDG16
War Democracy,SDG16
War Geneva Convention,SDG16
War Peace,SDG16
War Peacekeeping,SDG16
War Treaty,SDG16
War Warfare,SDG16
War Conflict,SDG16
Child Labor,SDG1
CSG,SDG1
Conditional Cash Transfer Programs Conditional Cash Transfers CCT CCTs,SDG1
Conditional Cash Transfer Programs,SDG1
International Development Aid Foreign Aid International Aid,SDG1
DAC,SDG1
Microfinance Institutions MFIs,SDG1
Microcredit,SDG1
Official Development Aid ODA,SDG1
Alleviating Poverty,SDG1
Poverty Alleviation Programs Poverty Alleviation Programme Poverty Alleviation Programmes,SDG1
Poverty Reduction Strategy Papers,SDG1
SIDs,SDG1
Social Safety Nets,SDG1
Distributional Effects,SDG1
Economic Resources Access,SDG1
Food Banks,SDG1
MicroFinanc,SDG1
Agricultural Productions,SDG2
Agricultural Production Systems,SDG2
CAP,SDG2
CA,SDG2
Crop Yields,SDG2
Cropping System,SDG2
EFSA,SDG2
FYM,SDG2
Food Supply Chains FSC,SDG2
Food Systems,SDG2
Genetically Modified Foods GMF,SDG2
GAP,SDG2
Grain Yields,SDG2
HDDS,SDG2
HFI,SDG2
HFIAS,SDG2
ISFM,SDG2
Land Reforms,SDG2
MUST,SDG2
Manures,SDG2
MNA,SDG2
NRS,SDG2
SNAP,SDG2
FIES,SDG2
Extreme Food Price Volatility,SDG2
IFPA,SDG2
Livestock Gene Banks,SDG2
Maternal Periconceptual Undernutrition,SDG2
Plant Gene Banks,SDG2
Plant Banks,SDG2
BCS,SDG3
Cardiovascular Diseases CVD CVDs,SDG3
Child Death,SDG3
Child Wellbeing Index,SDG3
Chronic Respiratory Diseases CRD CRDs,SDG3
Communicable Diseases,SDG3
Pollution Death Illness,SDG3
Diarrhoea,SDG3
Health Care Policy,SDG3
Health Risks,SDG3
Accessible Health System Health Services Accessibility,SDG3
Human Immunodeficiency Virus,SDG3
Infectious Diseases,SDG3
Life Expectancies,SDG3
Mental Disease Mental Disorders Mental Illness Mental Illnesses Psychiatric Disorder,SDG3
Neglected Diseases,SDG3
Poliomyelitis,SDG3
PostNatal Depression,SDG3
Psychological WellBeing Psychological Well,SDG3
QualityAdjusted LifeYear QALY,SDG3
Sexually Transmitted Diseases STD STDs,SDG3
African Trypanosomiasis,SDG3
Drug Abuse,SDG3
Drug Addiction,SDG3
Traffic Accidents,SDG3
Tropical Diseases,SDG3
TB,SDG3
Typhoid,SDG3
Water Borne Disease Water Borne Diseases WaterBorne Diseases,SDG3
Youth Wellbeing Index,SDG3
ZKV,SDG3
ACS,SDG3
ARDS,SDG3
Acquired Immunodeficiency Syndrome,SDG3
AUD,SDG3
Alzheimer Disease AD,SDG3
Antineoplastic Agents,SDG3
Antiretroviral Treatment Highly Active Antiretroviral Therapy Combined Antiretroviral Therapy ART,SDG3
BMI,SDG3
Cancer Cells,SDG3
CVD Risk Factors,SDG3
COPD,SDG3
CHD,SDG3
Coronary Heart Disease CAD CHD,SDG3
Coronavirus Disease 2019,SDG3
Diabetes Mellitus Type 1 Diabetes Type 2 Diabetes DM,SDG3
Ebola Virus Disease,SDG3
Emerging Infectious Diseases EID,SDG3
Epidemics,SDG3
Healthcare,SDG3
Health Care Delivery System Health Care Delivery Systems,SDG3
Healthcare Services Health Care Services,SDG3
Health Care System,SDG3
Health Care Workers Healthcare Professionals Health Care Personnel,SDG3
Congestive Heart Failure,SDG3
HepatitisB HepatitisC,SDG3
HIV1 HIV2 Human Immunodeficiency Virus,SDG3
Hiv Infections Human Immunodeficiency Virus Infection Human Immunodeficiency Virus Infections,SDG3
Huntington Disease,SDG3
High Blood Pressure HBP HT HTN,SDG3
Inflammatory Bowel Diseases LBD,SDG3
ICU,SDG3
IHR,SDG3
Live Birth Rates,SDG3
Lung Carcinoma,SDG3
Major Depression MDD,SDG3
Maternal Death,SDG3
Maternal Mortality Ratio,SDG3
Medicines,SDG3
Mental Health Services,SDG3
Middle East Respiratory Syndrome,SDG3
Acute Myocardial Infarction Heart Infarction MI,SDG3
Neglected Tropical Diseases NTD NTDs,SDG3
Neonatal Intensive Care Unit NICU,SDG3
Neoplasms,SDG3
NAFLD,SDG3
NonCommunicable Diseases NCD NCDs,SDG3
NonSmall Cell Lung Carcinoma NSCLC,SDG3
Pandemics,SDG3
Parkinson Disease PD,SDG3
Contamination Death Illness,SDG3
PTSD,SDG3
Primary Health Care Primary Healthcare,SDG3
Reproductive Healthcare,SDG3
RDS,SDG3
Respiratory Tract Infections RTI,SDG3
Severe Acute Respiratory Syndrome,SDG3
Sexual Risk Behaviors Sexual Risk Behaviour Sexual Risk Behaviours,SDG3
Sexually Transmitted Infections STI STIs,SDG3
SIDS,SDG3
Traffic Accidents Death Injur,SDG3
Tumors,SDG3
TNF,SDG3
UnderFive Mortality,SDG3
UHC,SDG3
Vaccines,SDG3
WASH,SDG3
,SDG3
Dibels,SDG4
ECD,SDG4
ECE,SDG4
Educational Institutions,SDG4
Education Policies Educational Policies Educational Policy,SDG4
Educational Reform,SDG4
Educational Research,SDG4
EHEA,SDG4
GCE,SDG4
High Schools,SDG4
HEIS,SDG4
IEP,SDG4
ITE,SDG4
MOOCS,SDG4
NAPLAN,SDG4
OER,SDG4
PCK,SDG4
Primary Schools,SDG4
PISA,SDG4
STEM,SDG4
Secondary Schools,SDG4
Dreem,SDG4
UPE,SDG4
Educational Policies,SDG4
Educational Enrollment,SDG4
Formal Traning,SDG4
Gender Disparities Education,SDG4
ICT Skills,SDG4
Learning Opportunity Gender Disparities Empowerment,SDG4
MAPAS,SDG4
NonFormal Traning,SDG4
Battered Woman,SDG5
CSA,SDG5
CSE,SDG5
CSEC,SDG5
DVA,SDG5
Female Genital Cutting Female Genital MutilationCutting FGM FGMC FGC,SDG5
Female Labor Force Participation,SDG5
FSWS,SDG5
Gender Inequalities,SDG5
GBV,SDG5
Sexual Intimate Partner Violence IPV,SDG5
IPVAW,SDG5
Womens Sexual Reproductive Health Reproductive Sexual Health SRH,SDG5
SRHR,SDG5
Sex Education,SDG5
SGBV,SDG5
VAWA,SDG5
AntiWomen,SDG5
Child Marriages,SDG5
Female Genital Cutting,SDG5
Female Infanticides,SDG5
Womens Political Participation,SDG5
Gender Injustices,SDG5
Honor Killing Honour Killings Honor Killings,SDG5
HS,SDG5
ICT Women Female,SDG5
Girl Violence,SDG5
Female Leadership,SDG5
Women Labor Force Participation,SDG5
Female Employment,SDG5
Girls Empowerment Female Empowerment,SDG5
Female Unemployment,SDG5
COD,SDG6
Drinking Water Supplies,SDG6
Integrated Water Resource Management IWRM,SDG6
MBR,SDG6
MBBR,SDG6
Reclaimed Water,SDG6
RO,SDG6
STPS,SDG6
SWAT,SDG6
TSS,SDG6
Wastewater Treatment Facilities,SDG6
Wastewater Treatment Plants Waste Water Treatment Plant Waste Water Treatment Plants WWTP WWTPs,SDG6
Wastewater Treatment Processes,SDG6
Water Distribution Systems,SDG6
WQI,SDG6
Water Resources,SDG6
Freshwater Ground Water Freshwater GroundWater,SDG6
Freshwater Wastewater “Treatment”,SDG6
Freshwater Water Quality Pollution Freshwater Water Quality Contamina Fres Hwater Water Quality Pollutant Fresh Water Water Quality Pollution Fresh Water Water Quality Contamina,SDG6
Freshwater Water Uses,SDG6
Fresh Water Availability,SDG6
RBF,SDG6
Water Ecosystem Endocrine Disruptors Marine Water EcoSystem Endocrine Disruptor Marine Water EcoSystem Endocrine Disruptor Marine,SDG6
Water EcoSystem Protection Marine,SDG6
Water Quality Antifouling Membranes Water Quality AntiFouling Membrane Water Quality AntiFouling Membranes,SDG6
Water Quality Water Ecotoxicology,SDG6
Water Quality Water Toxicology,SDG6
Water Quality Hygienic Toilets,SDG6
Water Quality Water Supplies,SDG6
Water Resource Antifouling Membranes Water Resource AntiFouling Membrane Water Resource AntiFouling Membranes,SDG6
Water Resource Water Ecotoxicology,SDG6
Water Resource Water Toxicology,SDG6
Water Resource Hygienic Toilets,SDG6
Water Resource Water Supplies,SDG6
Water Sanitation Hygiene Antifouling Membranes Water Sanitation Hygiene AntiFouling Membrane Water Sanitation Hygiene AntiFouling Membranes,SDG6
Water Sanitation Hygiene Water Ecotoxicology,SDG6
Water Sanitation Hygiene Water Toxicology,SDG6
Water Sanitation Hygiene Hygienic Toilets,SDG6
Water Sanitation Hygiene Water Supplies,SDG6
Water Sanitation Hygiene Antifouling Membranes Water Sanitation Hygiene AntiFouling Membrane Water Sanitation Hygiene AntiFouling Membranes,SDG6
Water Sanitation Hygiene Water Ecotoxicology,SDG6
Water Sanitation Hygiene Water Toxicology,SDG6
Water Sanitation Hygiene Hygienic Toilets,SDG6
Water Sanitation Hygiene Water Supplies,SDG6
Water Pollutant Wastewater “Treatment”,SDG6
BEVs,SDG7
Battery Energy Storage Systems BESS,SDG7
CAES,SDG7
DSSCs DSCs,SDG7
EMS,SDG7
Energy Storage Systems,SDG7
ESS,SDG7
Fuel Cells,SDG7
Horizontal Axis Wind Turbines HAWT,SDG7
Hybrid Electric Vehicle HEV HEVs,SDG7
Hybrid Power System,SDG7
Hybrid Renewable Energy Systems,SDG7
Hybrid Renewable Energy Systems HRES,SDG7
Lithium Ion Batteries LithiumIon Battery LithiumIon Batteries LIB LIBs,SDG7
MPPT,SDG7
NREL,SDG7
Offshore Wind Farms,SDG7
PMSG,SDG7
PEVS,SDG7
Plugin Hybrid Electric Vehicles PHEVs,SDG7
Renewable Energies,SDG7
Renewable Energy Sources RES,SDG7
Renewable Energy Systems,SDG7
Smart Grids,SDG7
Smart Grid Technologies,SDG7
Smart Meters,SDG7
Solar Cells,SDG7
TES,SDG7
Variable Speed Wind Turbines,SDG7
VAWT,SDG7
Wind Energy Systems,SDG7
Wind Farms,SDG7
Wind Power Generation Systems,SDG7
Wind Power Plant,SDG7
Wind Power Systems,SDG7
Wind Turbines WT,SDG7
Wind Turbine Blades,SDG7
Wind Turbine Generators WTG WTGs,SDG7
DEG,SDG7
Diffusern Augmented Wind Turbine DAWT,SDG7
District Heating,SDG7
Electric Vehicles EV EVs,SDG7
EMEH,SDG7
Galloping Based Piezoelectric Energy Harvester,SDG7
Life Cycle Assessment LifeCycle Assessments Life Cycle Assessments,SDG7
LithiumIon Batteries,SDG7
Smart Microgrids Smart MicroGrid Smart MicroGrids,SDG7
ALMPS,SDG8
CE,SDG8
CGE,SDG8
CGE Model,SDG8
Economic Activities,SDG8
Economic Growths,SDG8
Economic Growth Renewable Energy Consumption,SDG8
Economic Growth Electricity Consumption,SDG8
Economic Growth Financial Development,SDG8
GDP Growth,SDG8
GDP per Capita,SDG8
Labor Market Labour Markets Labor Markets,SDG8
LED,SDG8
MSES,SDG8
MSMES,SDG8
MicroFinanc,SDG8
MFIS,SDG8
Real GDP,SDG8
Small Medium Enterprises Small MediumSized Enterprise Small MediumSized Enterprises Small MediumSized Enterprises SME SMEs,SDG8
SMMES,SDG8
Trade Unions,SDG8
Carbon Offsetting Carbon Offsets,SDG8
CBT,SDG8
Decent Jobs,SDG8
Economic Development Strategies,SDG8
Economic Globalization,SDG8
Forced Labor,SDG8
Labor Market Institution Labour Market Institutions Labor Market Institutions,SDG8
Labor Right Labour Rights Labor Rights,SDG8
Medium Enterprises,SDG8
Medium Entrepreneurs,SDG8
MicroCredit,SDG8
MicroEnterprise,SDG8
Offset Projects,SDG8
per Capita GDP,SDG8
Precarious Jobs,SDG8
Small Businesses,SDG8
Small Entrepreneurs,SDG8
Starting Entrepreneurs,SDG8
TFP,SDG8
TFP Growth,SDG8
Access Information Communications Technologies Access Information Communication Technology Access Information Communication Technologies Access ICT,SDG9
AIIB,SDG9
CIS,SDG9
Green Products,SDG9
ICT4D,SDG9
Infrastructural Investment,SDG9
Product Process Innovations,SDG9
Public Infrastructures,SDG9
Resilient Infrastructures,SDG9
NIS,SDG9
Transborder Infrastructures,SDG9
FGM,SDG10
Lower Socioeconomic,SDG10
Lower Socioeconomic Status,SDG10
ODA,SDG10
PTAs,SDG10
Social Inequalities,SDG10
Socioeconomic Inequalities,SDG10
BS,SDG10
Developing Tariffs,SDG10
Development Gaps,SDG10
Discriminatory Policies,SDG10
Economic Reform Policies,SDG10
FDI,SDG10
IPV,SDG10
SDO,SDG10
Social Protection Policies,SDG10
Air Pollutants,SDG11
Exposure Air Pollution,SDG11
API,SDG11
Levels Air Pollution,SDG11
AQI,SDG11
Air Quality Monitoring Stations,SDG11
DRR,SDG11
GHG Emissions,SDG11
IAQ,SDG11
Municipal Solid Wastes MSW,SDG11
Municipal Solid Waste Incinerator Municipal Solid Waste Incinerators MSWI,SDG11
MSWM,SDG11
MSW,SDG11
Municipal Wastewater Treatment Plants,SDG11
NAAQs,SDG11
OFMSW,SDG11
PM,SDG11
Public Transport Systems,SDG11
Smart Cities,SDG11
SWM,SDG11
Solid Waste Management Systems,SDG11
Sustainable Cities,SDG11
Transportation Systems,SDG11
Urban Environments,SDG11
UGS,SDG11
Volatile Organic Compounds VOC VOCs,SDG11
Wastewater Treatment Plants WWTP WWTPs,SDG11
Basic Services,SDG11
BC,SDG11
Buildings Design,SDG11
Sustainable Urbanization,SDG11
LIUDD,SDG11
Nature Inclusive Buildings,SDG11
Sustainable Buildings,SDG11
TS,SDG11
WWTPS,SDG11
Zero Energy Buildings ZeroEnergy Building ZeroEnergy Buildings,SDG11
AD,SDG12
BMP,SDG12
ESD,SDG12
HRT,SDG12
LCIA,SDG12
MFA,SDG12
MSWI,SDG12
POPs,SDG12
Volatile Fatty Acids VFA VFAs,SDG12
Waste Management Systems,SDG12
Consumer Behavior Consumer Behaviors Consumer Behaviours,SDG12
Deep Decarbonization,SDG12
Energy Savings,SDG12
Food Losses,SDG12
Life Cycle Analyses LifeCycle Analysis LifeCycle Analyses,SDG12
Phase Change Materials PCMPCMs,SDG12
Sustainability Labelling,SDG12
Toxic Chemicals,SDG12
Atmospheric CO2,SDG13
Carbon Dioxide Emission Carbon Dioxide Emissions CO2 Emission CO2 Emissions,SDG13
CDM,SDG13
Climate Changes,SDG13
CCA,SDG13
Climate Change Adaptation Policies,SDG13
Climate Change Adaptation Strategies,SDG13
Climate Change Impacts,SDG13
Climate Change Mitigation Policies,SDG13
Climate Change Policies,SDG13
Climate Change Risks,SDG13
Climate Policies,SDG13
El NiñoSouthern Oscillation El NiñoSouthern Oscillation El NinoSouthern Oscillation El Nino Southern Oscillation El NinoSouthern Oscillation ENSO,SDG13
Global Climate Models GCM GCMs,SDG13
GWP,SDG13
Greenhouse Gases GHG,SDG13
Greenhouse Gas Emissions Greenhouse Gases Emission Greenhouse Gases Emissions GHG Emission,SDG13
N2O Emissions,SDG13
REGCM,SDG13
Regional Climate Models Rcm Rcms,SDG13
Rising Sea Rising Sea Level,SDG13
Sealevel Rise Rising Sea Level Rising Sea Levels Slr,SDG13
ASTI,SDG13
ACR,SDG13
Climate Food Chains,SDG13
Climate IceOcean Interactions,SDG13
Climate Nitrogen Cycles,SDG13
Climate Sea Levels,SDG13
Climate Models Climate Modeling Climate Modelling,SDG13
Climate Predictions,SDG13
Climate Risks,SDG13
Climate Services,SDG13
Climate Signals,SDG13
Climate Variations,SDG13
EcoClimatology,SDG13
Global Mean Temperature,SDG13
IOD,SDG13
IPO,SDG13
MIS,SDG13
Regional Climates,SDG13
SST,SDG13
SOI,SDG13
Urban Climates,SDG13
BASP,SDG14
Coastal Environments,SDG14
CFP,SDG14
CCAMLR,SDG14
Coral Reefs,SDG14
Coral Reef Ecosystems,SDG14
Coral Reef Fishes,SDG14
EFBM,SDG14
Exclusive Economic Zones EEZ EEZs,SDG14
Great Barrier Reef Marine Park,SDG14
Harmful Algal Blooms HAB HABs,SDG14
ICZM,SDG14
IMTA,SDG14
Large Marine Ecosystems,SDG14
Marine Environments,SDG14
Marine Food Webs,SDG14
Marine Organisms Marine Species,SDG14
Marine Mammal Species,SDG14
Marine Protected Areas,SDG14
Marine Protected Areas Mpa Mpas,SDG14
MSP,SDG14
MSC,SDG14
NoTake Marine Protected Areas NoTake Marine Reserve NoTake Marine Reserves NoTake Zone NoTake Zones,SDG14
NoTake Marine Protected Area NoTake Marine Protected Areas NoTake Marine Reserves NoTake Zone NoTake Zones,SDG14
OA,SDG14
Marine Plastic Debris,SDG14
RFMO,SDG14
Seagrass Beds Seagrass Meadow Seagrass Meadows,SDG14
EU Marine Strategy Framework Directive MSFD,SDG14
TAC,SDG14
Biogeochemical Cycles,SDG14
CommunityBased Conservation,SDG14
Coral Reef Systems,SDG14
EMUS,SDG14
Marine Herbivorous Fishes,SDG14
Marine Invertebrates,SDG14
Marine Natural Products,SDG14
Marine Reserves,SDG14
OBIS,SDG14
Oceanic Circulation Models Oceanic Circulation Modelling Oceanic Circulation Modeling,SDG14
Water Cycles,SDG14
Loss Biodiversity,SDG15
Deforestation,SDG15
Desertification,SDG15
Drylands,SDG15
Earth System Models,SDG15
Ecosystem Functions Ecosystem Functioning,SDG15
Ecosystem Services,SDG15
EcoSystem,SDG15
ESA,SDG15
EVI,SDG15
Environmental Changes,SDG15
Environmental Factors,SDG15
Environmental Impacts,SDG15
Forest Ecosystems,SDG15
Invasive Alien Species Alien Species LAS,SDG15
Land Cover Changes,SDG15
Land Cover Types,SDG15
LADS,SDG15
LDN,SDG15
LandUseCoverChange Land UseLand Cover Land Use Land Cover LULC,SDG15
LAI,SDG15
LID,SDG15
PDSI,SDG15
Protected Areas,SDG15
SQI,SDG15
SWC,SDG15
TWS,SDG15
Revised Universal Soil Loss Equation USLE RUSLE,SDG15
Wetland Ecosystems,SDG15
BioEconom,SDG15
Forest Cover Changes,SDG15
Alien Species,SDG15
Land Covers,SDG15
Land Uses,SDG15
LandUse Change,SDG15
WSD,SDG15
Wildlife Markets,SDG15
Wildlife Products,SDG15
Wildlife Trafficking,SDG15
Child Sexual Abuse CSA,SDG16
CTQ,SDG16
Crimes Criminal,SDG16
Criminal Activities,SDG16
Criminal Justice Systems,SDG16
IHL,SDG16
Violent Crimes,SDG16
Armed Conflicts,SDG16
Civil Conflicts,SDG16
Effective Institutions,SDG16
Ethnic Conflicts,SDG16
Fair Societies,SDG16
Fundamental Freedoms,SDG16
Human Rights Institutions,SDG16
Independent Judiciary,SDG16
Legal Remedies,SDG16
Policies Sustainable Development,SDG16
Responsive Institutions,SDG16
Transparent Institutions,SDG16
Violent Conflicts,SDG16
Africa,SDG1
Basic services,SDG1
Class,SDG1
Developing countries,SDG1
Disadvantaged,SDG1
Economic resources,SDG1
End poverty,SDG1
Environment,SDG1
Equality,SDG1
Extreme poverty,SDG1
Financial inclusion,SDG1
Income,SDG1
Income equality,SDG1
Nondiscrimination,SDG1
Poor,SDG1
Poor vulnerable,SDG1
Poverty,SDG1
Poverty eradication,SDG1
Poverty line,SDG1
Quality Life,SDG1
Resources,SDG1
Social protection systems social protection,SDG1
Sustainable,SDG1
Third World,SDG1
Vulnerable,SDG1
Wealth distribution,SDG1
Agricultural Orientation index,SDG2
Agricultural productivity,SDG2
Agriculture,SDG2
Consume,SDG2
Crop diversity,SDG2
Doha Development Round Doha Round,SDG2
End hunger,SDG2
Food,SDG2
Food gap,SDG2
Food production,SDG2
Food reserves,SDG2
Genetic diversity,SDG2
Genetic diversity seeds,SDG2
Genetics,SDG2
Hungry people,SDG2
Improved nutrition,SDG2
Innovations health,SDG2
Legumes,SDG2
Maize,SDG2
Malnourished,SDG2
Nutrition,SDG2
Nutritional needs,SDG2
Nutritious,SDG2
Produce,SDG2
Productivity,SDG2
Quality life,SDG2
Resilient agriculture,SDG2
Rural infrastructure,SDG2
Smallscale food producers,SDG2
Stunted growth,SDG2
Stunting,SDG2
Sufficient food,SDG2
Sustainable agriculture,SDG2
Sustainable food production,SDG2
Trade diversity,SDG2
Trade restrictions,SDG2
nourished Undernourished,SDG2
Wasting,SDG2
World’s hungry,SDG2
Access clean water sanitation,SDG3
Affordable medicines,SDG3
Air contamination,SDG3
Air pollution,SDG3
Alcohol abuse,SDG3
Antenatal care,SDG3
Antiretroviral,SDG3
Antiretroviral therapy,SDG3
Biomedical,SDG3
Bodily autonomy,SDG3
Child deaths,SDG3
Contraceptive use,SDG3
Death rate,SDG3
Dental,SDG3
Disability family support,SDG3
Disability inclusion,SDG3
Disability politics location,SDG3
Diseases,SDG3
Family planning,SDG3
Health,SDG3
Health resourceconstrained settings,SDG3
Health worker density,SDG3
Healthy,SDG3
Healthy lives,SDG3
Improving mortality,SDG3
Increasing life expectancy,SDG3
Indigenous,SDG3
Infected,SDG3
International health policy,SDG3
International health regulations,SDG3
Maternal mortality,SDG3
Medical,SDG3
Mental health,SDG3
Mortality,SDG3
Mortality rate,SDG3
Narcotic drug abuse,SDG3
Neonatal mortality,SDG3
Premature mortality,SDG3
Preventable deaths,SDG3
Reducing malaria,SDG3
Reducing mortality,SDG3
Refugees health services,SDG3
Reproductive health,SDG3
Road traffic accidents,SDG3
Sexual reproductive healthcare,SDG3
Sexual health,SDG3
Soil contamination,SDG3
Soil pollution,SDG3
Tobacco control,SDG3
Treatment substance abuse,SDG3
Universal health,SDG3
Universal health coverage,SDG3
Vaccines developing countries,SDG3
Water Sanitation Hygiene,SDG3
Waterborne disease,SDG3
wellbeingwell beingwellbeing,SDG3
World Health Organisation,SDG3
Access education,SDG4
Basic education,SDG4
Basic literacy,SDG4
Basic literacy skills,SDG4
Cultural diversity,SDG4
Disability,SDG4
Disability education,SDG4
Early childhood,SDG4
Early childhood development,SDG4
Education,SDG4
Education sustainability,SDG4
Education developing,SDG4
Enrolment,SDG4
Equal access,SDG4
Equal education,SDG4
Equitable education,SDG4
Gender disparities education,SDG4
Gender disparity,SDG4
Gender equality,SDG4
Gender equity,SDG4
Gender sensitive,SDG4
Global citizenship,SDG4
Global education,SDG4
Inclusion education,SDG4
Inclusive,SDG4
Innovation,SDG4
International cooperation,SDG4
Learning opportunities,SDG4
Lifelong learning,SDG4
Literacy skills,SDG4
Preprimary education,SDG4
Primary education,SDG4
Qualified teachers,SDG4
Refugees learning,SDG4
School,SDG4
School enrolment,SDG4
Secondary education,SDG4
Teacher training,SDG4
Universal education,SDG4
Vocational training,SDG4
Womens rights,SDG4
Basic living standards,SDG5
Dignity,SDG5
Discrimination,SDG5
Employment,SDG5
Empower girls,SDG5
Empowerment,SDG5
Empowerment women empower women womens empowerment,SDG5
Equal opportunities,SDG5
Exploitation,SDG5
Female genital mutilation,SDG5
Forced marriage,SDG5
Gender,SDG5
Gender discrimination,SDG5
Gender equalityparity,SDG5
Governance gender,SDG5
Human rights,SDG5
Human trafficking,SDG5
Humanitarian,SDG5
Marginalised,SDG5
Parity,SDG5
Pay,SDG5
Reproductive rights,SDG5
Sexual reproductive health,SDG5
Sexual exploitation,SDG5
Sexual violence,SDG5
Social inclusion,SDG5
Trafficking,SDG5
Violence girls,SDG5
Violence women,SDG5
Women,SDG5
Women work,SDG5
Workplace equality,SDG5
Accessible water,SDG6
Affordable drinking water,SDG6
Cities,SDG6
Clean water,SDG6
Contaminated,SDG6
Defecation,SDG6
Diarrhoeal diseases,SDG6
Dumping,SDG6
Ecosystem protection,SDG6
Ecosystem restoration,SDG6
Equitable sanitation,SDG6
Floods,SDG6
Fresh water,SDG6
Hydropower,SDG6
Hygiene,SDG6
Improving water,SDG6
Inadequate water,SDG6
Inadequate water supply,SDG6
Infrastructure,SDG6
Lakes,SDG6
Latrines,SDG6
Open defecation,SDG6
Recycled water,SDG6
Reuse,SDG6
River basins,SDG6
Rivers,SDG6
Safe drinking water,SDG6
Sanitation,SDG6
Sanitation hygiene,SDG6
Sanitation management,SDG6
Sewerage,SDG6
Sustainable water management,SDG6
Sustainable withdrawals,SDG6
Third world,SDG6
Toilets,SDG6
Untreated wastewater,SDG6
Urban,SDG6
Wastewater treatment,SDG6
Water,SDG6
Water access,SDG6
Water disasters,SDG6
Water ecosystems,SDG6
Water efficiency,SDG6
Water harvesting,SDG6
Water quality,SDG6
Water resources management,SDG6
Water scarcity,SDG6
Water supply,SDG6
Waterrelated ecosystems,SDG6
Wateruse efficiency,SDG6
Affordable energy,SDG7
Alternative energy,SDG7
Animal waste,SDG7
Battery,SDG7
Carbon,SDG7
Charcoal,SDG7
Clean energy,SDG7
Clean energy technology,SDG7
Clean fuel technology,SDG7
Clean fuels,SDG7
Cleaner fossil fuel technology,SDG7
Climate goal,SDG7
Coal,SDG7
Electricity,SDG7
Electricity infrastructure,SDG7
Emissions,SDG7
Energy,SDG7
Energy efficiency,SDG7
Energy infrastructure,SDG7
Energy research,SDG7
Energy technology,SDG7
Fossilfuel,SDG7
Green economy,SDG7
Greenhouse gas,SDG7
Greenhouse gas emissions,SDG7
Low carbon,SDG7
Modern electricity,SDG7
Modern energy,SDG7
Reliable energy,SDG7
Renewable,SDG7
Renewable energy,SDG7
Renewable power,SDG7
Solar,SDG7
Solar energy,SDG7
Solar power,SDG7
Sustainable energy,SDG7
Sustainable energy services,SDG7
Sustainable power,SDG7
Vehicles,SDG7
Wave,SDG7
Wind,SDG7
Wind power,SDG7
Wind turbine,SDG7
Wood,SDG7
Aid trade,SDG8
Banking,SDG8
Child labour,SDG8
Child soldiers,SDG8
Creativity innovation,SDG8
Culture,SDG8
Decent work,SDG8
Decent work,SDG8
Development oriented policy,SDG8
Economic growth,SDG8
Economic productivity,SDG8
Economy,SDG8
Enterprises,SDG8
Equal pay,SDG8
Finance,SDG8
Financial services,SDG8
Forced labour,SDG8
GDP growth,SDG8
Global resource efficiency,SDG8
Global trade,SDG8
Gross domestic product growth,SDG8
Inclusive economic growth,SDG8
Insurance,SDG8
Job creation,SDG8
Jobs,SDG8
Labour market,SDG8
Micro finance,SDG8
Migrant workers,SDG8
Modern slavery,SDG8
Productive employment,SDG8
Public policy,SDG8
Quality jobs,SDG8
Resource efficiency,SDG8
Safe work,SDG8
Secure work,SDG8
Slavery,SDG8
Social policies,SDG8
Society,SDG8
Stable employment,SDG8
Stable jobs,SDG8
Sustainable consumption,SDG8
Sustainable economic growth,SDG8
Sustainable production,SDG8
Sustainable tourism,SDG8
Trade,SDG8
Wellpaid jobs,SDG8
Women migrants,SDG8
Work,SDG8
Work opportunities,SDG8
World trade,SDG8
Youth employment,SDG8
Youth unemployment,SDG8
Access internet,SDG9
Affordable access,SDG9
Affordable credit,SDG9
Clean technologies,SDG9
Cooperation,SDG9
Data banks,SDG9
Economic development,SDG9
Electrical power,SDG9
Environmentally sound technologies,SDG9
ICT infrastructure,SDG9
Industrial diversification,SDG9
Industrialisation,SDG9
Information communication technology,SDG9
Internet access,SDG9
Knowledge education,SDG9
Mobile networks developing countries,SDG9
National Security,SDG9
Network infrastructure,SDG9
Phone service,SDG9
Regional infrastructure,SDG9
Research,SDG9
Resilient infrastructure,SDG9
Resource use efficiency,SDG9
Roads,SDG9
Scientific research,SDG9
Sustainable industrialisation,SDG9
Sustainable infrastructure,SDG9
Technological capabilities,SDG9
Technology,SDG9
Transborder infrastructure,SDG9
Transport,SDG9
Value chains,SDG9
Value chains markets,SDG9
Water infrastructure,SDG9
Water resources,SDG9
Affordable housing,SDG10
Age,SDG10
Business,SDG10
Children,SDG10
Developing states,SDG10
Development assistance,SDG10
Disabilities,SDG10
Empower,SDG10
Equal opportunity,SDG10
Equity,SDG10
Ethnicity,SDG10
Financial assistance,SDG10
Foreign aid,SDG10
Foreign investment,SDG10
Global financial markets,SDG10
Homelessness,SDG10
Inclusion,SDG10
Income growth,SDG10
Income inequality,SDG10
Inequalities,SDG10
Inequality,SDG10
Migrant remittance,SDG10
Migration,SDG10
Population growth,SDG10
Race,SDG10
Racisim,SDG10
Reduce inequalities,SDG10
Religion,SDG10
Rural,SDG10
Sex,SDG10
Social protection,SDG10
Vulnerable nations,SDG10
Adaptable,SDG11
Adaptation,SDG11
Air quality,SDG11
Climate change,SDG11
Community,SDG11
Cultural heritage,SDG11
Decentralisation,SDG11
Development planning,SDG11
Disaster management,SDG11
Disaster risk reduction,SDG11
Disasters,SDG11
Fine particulate matter,SDG11
Green spaces,SDG11
Heritage,SDG11
Human settlements,SDG11
Impact cities,SDG11
Inadequate housing,SDG11
Informal settlements,SDG11
Land,SDG11
Land consumption,SDG11
local materials,SDG11
mitigation,SDG11
Natural disasters,SDG11
Natural heritage,SDG11
crowding,SDG11
Population,SDG11
Public spaces,SDG11
Public transport,SDG11
Resilient,SDG11
Resilient buildings,SDG11
Resource needs,SDG11
Risk reduction strategy,SDG11
Road safety,SDG11
Safe cities,SDG11
Shanty,SDG11
Smart cities,SDG11
Solid waste,SDG11
Suburban,SDG11
Sustainable buildings,SDG11
Sustainable citiescity,SDG11
Sustainable communities,SDG11
Sustainable urbanisation,SDG11
Town planning,SDG11
Transport systems,SDG11
Urban development,SDG11
Urban planning,SDG11
Urban sustainability,SDG11
Urbanisation,SDG11
Waste generation,SDG11
Waste management,SDG11
Waterrelated disasters,SDG11
Capitalism,SDG12
Cars,SDG12
Circular economy,SDG12
Commercial enterprises,SDG12
Consumer levels,SDG12
Consumerism,SDG12
Consumption,SDG12
Deep decarbonisation,SDG12
Ecological,SDG12
Efficient use resources,SDG12
Energy consumption,SDG12
Energy use,SDG12
Food losses,SDG12
Food supply,SDG12
Food waste,SDG12
Fossil fuel subsidies,SDG12
Future proof,SDG12
Global food waste,SDG12
Greenhouse gasses,SDG12
Harvest losses,SDG12
Life cycle,SDG12
Market distortions,SDG12
Materialism,SDG12
Materials goods,SDG12
Monitoring sustainable development,SDG12
Natural resources,SDG12
Obsolescence,SDG12
Production,SDG12
Recycle,SDG12
Reduce waste generation,SDG12
Reduction,SDG12
Responsible production chains,SDG12
Retail,SDG12
Retail industry,SDG12
Sustainable management,SDG12
Sustainable practices,SDG12
Sustainable public procurement,SDG12
Sustainable resource use,SDG12
Sustainable supply chain,SDG12
Wasteful consumption,SDG12
Water pollution,SDG12
Average global temperature,SDG13
Carbon dioxide,SDG13
Changing weather patterns,SDG13
Climate,SDG13
Climate action,SDG13
Climate adaptation,SDG13
Climate gender,SDG13
Climate infectious disease,SDG13
Climate politics,SDG13
Climate change management,SDG13
Climate change planning,SDG13
Climate change policy,SDG13
Climate early warning,SDG13
Climate hazards,SDG13
Climate impact,SDG13
Climate mitigation,SDG13
Climate refugees,SDG13
Climate related hazards,SDG13
Climate resilience,SDG13
CO2 capture,SDG13
CO2 conversion,SDG13
Ecosystems,SDG13
Extreme weather,SDG13
Extreme weather events,SDG13
Global mean temperature,SDG13
Global temperature,SDG13
Global warming,SDG13
Greenhouse gases,SDG13
Ice loss,SDG13
Lowcarbon economy,SDG13
Natural systems,SDG13
Ocean warming,SDG13
Paris Agreement,SDG13
Sea level rise Rising sea Rising sea level,SDG13
Temperature,SDG13
Warming,SDG13
Artisanal fishers,SDG14
Biodiversity,SDG14
Coastal biodiversity,SDG14
Coastal ecosystems,SDG14
Coastal habitats,SDG14
Coastal parks,SDG14
Coastal resources,SDG14
Coastlines,SDG14
Conserve,SDG14
Conserve oceans,SDG14
Coral bleaching,SDG14
Coral reef,SDG14
Ecosystem management,SDG14
Fish species,SDG14
Fish stocks,SDG14
Fish stocks FISHERIES MANAGEMENT,SDG14
Fishers,SDG14
Fishing,SDG14
Fishing practices,SDG14
Illegal fishing,SDG14
Marine areas,SDG14
Marine biodiversity,SDG14
Marine ecosystems,SDG14
Marine fisheries,SDG14
Marine pollution,SDG14
Marine resources,SDG14
Ocean,SDG14
Ocean acidification,SDG14
Ocean temperature,SDG14
Oceanography,SDG14
Oceans,SDG14
Productive oceans,SDG14
Protected areas,SDG14
Sea grasses,SDG14
Seas,SDG14
Sustainable ecosystems,SDG14
Unregulated fishing,SDG14
Water resources policy,SDG14
Animals,SDG15
Arable land,SDG15
Bees,SDG15
Biodiversity loss,SDG15
Conservation,SDG15
Ecosystem,SDG15
Extinct,SDG15
Extinct species,SDG15
Extinction,SDG15
Forest,SDG15
Forest management,SDG15
Forests,SDG15
Genetic resources,SDG15
Illegal wildlife products,SDG15
Illicit trafficking,SDG15
Indigenous populations,SDG15
Invasive alien species,SDG15
Land conservation,SDG15
Land degradation,SDG15
Land loss,SDG15
Land use sustainability,SDG15
Manage forests,SDG15
Managed forests,SDG15
Microorganisms,SDG15
Permaculture,SDG15
Plants,SDG15
Poaching,SDG15
Protected fauna,SDG15
Protected flora,SDG15
Protected species,SDG15
Soil,SDG15
Soil degradation,SDG15
Species,SDG15
Strategic plan biodiversity,SDG15
Terrestrial ecosystems,SDG15
Threatened species,SDG15
Tree,SDG15
Tree species,SDG15
Abuse,SDG16
Accountability,SDG16
Accountable institutions,SDG16
Arbitrary detention,SDG16
Arms,SDG16
Arms trafficking,SDG16
Birth registration,SDG16
Combat terrorism,SDG16
Conflict resolution,SDG16
Conflicts,SDG16
Corruption,SDG16
Enforced disappearance,SDG16
Flow arms,SDG16
Freedom,SDG16
Geography poverty,SDG16
Hate crime,SDG16
Illegal arms,SDG16
Illicit financial flows,SDG16
Inclusive institutions,SDG16
Inclusive societiessociety,SDG16
Institutions,SDG16
Internally displaced,SDG16
Judiciary,SDG16
Justice,SDG16
Justice,SDG16
Legal identity,SDG16
Nonviolence,SDG16
Organized crime,SDG16
Paris principles,SDG16
Peace,SDG16
Peaceful societies,SDG16
Physical abuse,SDG16
Police,SDG16
Prevent violence,SDG16
Psychological abuse,SDG16
Representative decisionmaking,SDG16
Rule law,SDG16
Security threats,SDG16
Sexual abuse,SDG16
Stolen assets,SDG16
Tax evasion,SDG16
Theft,SDG16
Transparency,SDG16
Unsentenced detainees,SDG16
Unstable societies,SDG16
Victims violence,SDG16
Violence women children,SDG16
Violence rates,SDG16
Weapon seizures,SDG16
Capacity building,SDG17
Civil society partnerships,SDG17
Communication technologies,SDG17
Debt sustainability,SDG17
Disaggregated data,SDG17
Doha Development Agenda,SDG17
Foreign direct investments,SDG17
Fostering innovation,SDG17
Free trade,SDG17
Fundamental principles official statistics,SDG17
Global partnership,SDG17
Global partnership sustainable development,SDG17
Global stability,SDG17
International aid,SDG17
International population housing census,SDG17
International support,SDG17
International support developing countries,SDG17
Knowledge sharing,SDG17
Multistakeholder partnerships,SDG17
Publicprivate partnerships,SDG17
Science cooperation agreements,SDG17
Technology cooperation agreements,SDG17
Technology transfer,SDG17
Weighted tariff average,SDG17
Women entrepreneurs,SDG17
World Trade Organization,SDG17
Caring country,Misc
CO2 emissions,Misc
Eco tourism,Misc
Ecology,Misc
Environmental,Misc
Environmental degradation,Misc
Environmental policy,Misc
Environmental sustainability,Misc
Equal rights economic resources,Misc
Ethical,Misc
Foodenergywater nexus Waterenergyfood nexus,Misc
Forced displacement,Misc
Good governance,Misc
Governance policy,Misc
Governance risk,Misc
Human wellbeing,Misc
Indigenous knowledge,Misc
Intergenerational,Misc
Irregular migration,Misc
Kaitiakitanga,Misc
Land locked developing countries,Misc
Least developed countries,Misc
Leave one behind,Misc
Low impact agriculture,Misc
Low impact farming,Misc
Low impact horticulture,Misc
Migrant rights,Misc
Migration policy,Misc
Policy coherence,Misc
Pollution AirSoilWater,Misc
Promotion shared responsibilities,Misc
Refugee crisis,Misc
Refugee rights,Misc
Reuse technologies,Misc
Small island developing states,Misc
Smart grid,Misc
Smart houses,Misc
Social protection policies,Misc
Social responsibility,Misc
Sustainability,Misc
Sustainable development,Misc
Sustainable Development Goals,Misc
Sustainable development indicators,Misc
Sustainable public transport,Misc
Sustainable societies,Misc
Sustainable transport,Misc
Technology sustainable development,Misc
Teleworking,Misc
Transboundary cooperation,Misc
Water sensitive revitalisation,Misc
Wellbeing,Misc
